"Pos","No","Driver","Car","Lap","Time of day","Time","Avg Speed","DriverAbbr","Track"
1,24,"Zhou Guanyu ZHO","Alfa Romeo Ferrari",56,"19:38:14","1:33.996",207.276,"ZHO","bahrain"
2,10,"Pierre Gasly GAS","Alpine Renault",42,"19:14:37","1:35.068",204.939,"GAS","bahrain"
3,4,"Lando Norris NOR","McLaren Mercedes",51,"19:30:44","1:35.822",203.327,"NOR","bahrain"
4,2,"Logan Sargeant SAR","Williams Mercedes",42,"19:14:48","1:36.037",202.871,"SAR","bahrain"
5,14,"Fernando Alonso ALO","Aston Martin Aramco Mercedes",36,"19:03:44","1:36.156",202.62,"ALO","bahrain"
6,1,"Max Verstappen VER","Red Bull Racing Honda RBPT",44,"19:16:35","1:36.236",202.452,"VER","bahrain"
7,11,"Sergio Perez PER","Red Bull Racing Honda RBPT",37,"19:04:59","1:36.344",202.225,"PER","bahrain"
8,20,"Kevin Magnussen MAG","Haas Ferrari",42,"19:15:01","1:36.471",201.959,"MAG","bahrain"
9,18,"Lance Stroll STR","Aston Martin Aramco Mercedes",32,"18:57:21","1:36.546",201.802,"STR","bahrain"
10,44,"Lewis Hamilton HAM","Mercedes",36,"19:03:44","1:36.546",201.802,"HAM","bahrain"
11,27,"Nico Hulkenberg HUL","Haas Ferrari",42,"19:15:10","1:36.616",201.656,"HUL","bahrain"
12,22,"Yuki Tsunoda TSU","AlphaTauri Honda RBPT",42,"19:14:42","1:36.637",201.612,"TSU","bahrain"
13,31,"Esteban Ocon OCO","Alpine Renault",34,"19:02:00","1:36.797",201.278,"OCO","bahrain"
14,55,"Carlos Sainz SAI","Ferrari",37,"19:05:18","1:37.130",200.588,"SAI","bahrain"
15,23,"Alexander Albon ALB","Williams Mercedes",43,"19:16:16","1:37.144",200.559,"ALB","bahrain"
16,16,"Charles Leclerc LEC","Ferrari",37,"19:05:10","1:37.170",200.506,"LEC","bahrain"
17,63,"George Russell RUS","Mercedes",33,"18:58:59","1:37.221",200.401,"RUS","bahrain"
18,77,"Valtteri Bottas BOT","Alfa Romeo Ferrari",31,"18:55:54","1:37.379",200.075,"BOT","bahrain"
19,21,"Nyck De Vries DEV","AlphaTauri Honda RBPT",30,"18:54:34","1:37.709",199.4,"DEV","bahrain"
20,81,"Oscar Piastri PIA","McLaren Mercedes",3,"18:08:48","1:40.691",193.494,"PIA","bahrain"
1,1,"Max Verstappen VER","Red Bull Racing Honda RBPT",50,"21:25:10","1:31.906",241.838,"VER","saudi-arabia"
2,11,"Sergio Perez PER","Red Bull Racing Honda RBPT",38,"21:06:31","1:32.188",241.098,"PER","saudi-arabia"
3,14,"Fernando Alonso ALO","Aston Martin Aramco Mercedes",50,"21:25:26","1:32.240",240.962,"ALO","saudi-arabia"
4,63,"George Russell RUS","Mercedes",50,"21:25:31","1:32.433",240.459,"RUS","saudi-arabia"
5,55,"Carlos Sainz SAI","Ferrari",50,"21:25:41","1:32.822",239.451,"SAI","saudi-arabia"
6,44,"Lewis Hamilton HAM","Mercedes",47,"21:20:56","1:32.941",239.145,"HAM","saudi-arabia"
7,16,"Charles Leclerc LEC","Ferrari",47,"21:21:04","1:33.056",238.849,"LEC","saudi-arabia"
8,31,"Esteban Ocon OCO","Alpine Renault",49,"21:24:24","1:33.222",238.424,"OCO","saudi-arabia"
9,20,"Kevin Magnussen MAG","Haas Ferrari",44,"21:16:45","1:33.374",238.036,"MAG","saudi-arabia"
10,10,"Pierre Gasly GAS","Alpine Renault",50,"21:26:00","1:33.392",237.99,"GAS","saudi-arabia"
11,21,"Nyck De Vries DEV","AlphaTauri Honda RBPT",49,"21:24:49","1:33.609",237.438,"DEV","saudi-arabia"
12,27,"Nico Hulkenberg HUL","Haas Ferrari",50,"21:26:16","1:33.780",237.005,"HUL","saudi-arabia"
13,24,"Zhou Guanyu ZHO","Alfa Romeo Ferrari",49,"21:24:47","1:33.894",236.718,"ZHO","saudi-arabia"
14,22,"Yuki Tsunoda TSU","AlphaTauri Honda RBPT",50,"21:26:13","1:33.931",236.624,"TSU","saudi-arabia"
15,4,"Lando Norris NOR","McLaren Mercedes",49,"21:24:56","1:34.122",236.144,"NOR","saudi-arabia"
16,81,"Oscar Piastri PIA","McLaren Mercedes",48,"21:23:21","1:34.287",235.731,"PIA","saudi-arabia"
17,77,"Valtteri Bottas BOT","Alfa Romeo Ferrari",37,"21:06:26","1:34.384",235.489,"BOT","saudi-arabia"
18,2,"Logan Sargeant SAR","Williams Mercedes",49,"21:24:55","1:34.469",235.277,"SAR","saudi-arabia"
19,18,"Lance Stroll STR","Aston Martin Aramco Mercedes",7,"20:15:03","1:35.140",233.617,"STR","saudi-arabia"
20,23,"Alexander Albon ALB","Williams Mercedes",24,"20:45:10","1:35.567",232.574,"ALB","saudi-arabia"
1,11,"Sergio Perez PER","Red Bull Racing Honda RBPT",53,"16:37:54","1:20.235",236.814,"PER","australia"
2,1,"Max Verstappen VER","Red Bull Racing Honda RBPT",49,"16:32:11","1:20.342",236.498,"VER","australia"
3,55,"Carlos Sainz SAI","Ferrari",53,"16:37:47","1:20.467",236.131,"SAI","australia"
4,14,"Fernando Alonso ALO","Aston Martin Aramco Mercedes",53,"16:37:43","1:20.476",236.105,"ALO","australia"
5,44,"Lewis Hamilton HAM","Mercedes",49,"16:32:19","1:20.613",235.703,"HAM","australia"
6,18,"Lance Stroll STR","Aston Martin Aramco Mercedes",50,"16:33:50","1:20.934",234.769,"STR","australia"
7,10,"Pierre Gasly GAS","Alpine Renault",47,"16:29:43","1:20.995",234.592,"GAS","australia"
8,27,"Nico Hulkenberg HUL","Haas Ferrari",46,"16:28:30","1:21.124",234.219,"HUL","australia"
9,4,"Lando Norris NOR","McLaren Mercedes",46,"16:28:30","1:21.173",234.077,"NOR","australia"
10,21,"Nyck De Vries DEV","AlphaTauri Honda RBPT",50,"16:35:24","1:21.183",234.049,"DEV","australia"
11,31,"Esteban Ocon OCO","Alpine Renault",44,"16:25:56","1:21.203",233.991,"OCO","australia"
12,81,"Oscar Piastri PIA","McLaren Mercedes",53,"16:38:21","1:21.335",233.611,"PIA","australia"
13,2,"Logan Sargeant SAR","Williams Mercedes",50,"16:35:12","1:21.456",233.264,"SAR","australia"
14,20,"Kevin Magnussen MAG","Haas Ferrari",52,"16:37:13","1:21.685",232.61,"MAG","australia"
15,22,"Yuki Tsunoda TSU","AlphaTauri Honda RBPT",52,"16:37:18","1:21.789",232.314,"TSU","australia"
16,24,"Zhou Guanyu ZHO","Alfa Romeo Ferrari",48,"16:31:45","1:21.819",232.229,"ZHO","australia"
17,77,"Valtteri Bottas BOT","Alfa Romeo Ferrari",46,"16:29:15","1:22.233",231.06,"BOT","australia"
18,63,"George Russell RUS","Mercedes",16,"15:46:40","1:22.680",229.811,"RUS","australia"
19,23,"Alexander Albon ALB","Williams Mercedes",6,"15:13:36","1:23.349",227.966,"ALB","australia"
1,63,"George Russell RUS","Mercedes",51,"16:37:59","1:43.370",209.062,"RUS","azerbaijan"
2,1,"Max Verstappen VER","Red Bull Racing Honda RBPT",51,"16:36:47","1:44.232",207.333,"VER","azerbaijan"
3,14,"Fernando Alonso ALO","Aston Martin Aramco Mercedes",49,"16:33:38","1:44.241",207.315,"ALO","azerbaijan"
4,16,"Charles Leclerc LEC","Ferrari",49,"16:33:36","1:44.561",206.681,"LEC","azerbaijan"
5,11,"Sergio Perez PER","Red Bull Racing Honda RBPT",50,"16:35:00","1:44.589",206.625,"PER","azerbaijan"
6,55,"Carlos Sainz SAI","Ferrari",48,"16:32:14","1:45.175",205.474,"SAI","azerbaijan"
7,44,"Lewis Hamilton HAM","Mercedes",48,"16:32:15","1:45.346",205.141,"HAM","azerbaijan"
8,10,"Pierre Gasly GAS","Alpine Renault",47,"16:31:14","1:45.540",204.764,"GAS","azerbaijan"
9,18,"Lance Stroll STR","Aston Martin Aramco Mercedes",45,"16:27:01","1:45.627",204.595,"STR","azerbaijan"
10,81,"Oscar Piastri PIA","McLaren Mercedes",51,"16:38:12","1:45.631",204.587,"PIA","azerbaijan"
11,22,"Yuki Tsunoda TSU","AlphaTauri Honda RBPT",51,"16:38:09","1:45.727",204.401,"TSU","azerbaijan"
12,4,"Lando Norris NOR","McLaren Mercedes",49,"16:34:33","1:45.738",204.38,"NOR","azerbaijan"
13,20,"Kevin Magnussen MAG","Haas Ferrari",51,"16:38:15","1:45.850",204.164,"MAG","azerbaijan"
14,31,"Esteban Ocon OCO","Alpine Renault",49,"16:34:31","1:45.908",204.052,"OCO","azerbaijan"
15,23,"Alexander Albon ALB","Williams Mercedes",51,"16:38:14","1:45.925",204.019,"ALB","azerbaijan"
16,77,"Valtteri Bottas BOT","Alfa Romeo Ferrari",36,"16:12:06","1:46.304",203.292,"BOT","azerbaijan"
17,2,"Logan Sargeant SAR","Williams Mercedes",49,"16:34:53","1:46.501",202.916,"SAR","azerbaijan"
18,27,"Nico Hulkenberg HUL","Haas Ferrari",34,"16:07:51","1:46.731",202.479,"HUL","azerbaijan"
19,24,"Zhou Guanyu ZHO","Alfa Romeo Ferrari",31,"16:02:41","1:47.553",200.931,"ZHO","azerbaijan"
20,21,"Nyck De Vries DEV","AlphaTauri Honda RBPT",4,"15:11:32","1:48.781",198.663,"DEV","azerbaijan"
1,1,"Max Verstappen VER","Red Bull Racing Honda RBPT",56,"16:59:55","1:29.708",217.184,"VER","miami"
2,14,"Fernando Alonso ALO","Aston Martin Aramco Mercedes",57,"17:01:52","1:30.519",215.238,"ALO","miami"
3,11,"Sergio Perez PER","Red Bull Racing Honda RBPT",57,"17:01:31","1:30.560",215.141,"PER","miami"
4,44,"Lewis Hamilton HAM","Mercedes",57,"17:02:16","1:30.669",214.882,"HAM","miami"
5,18,"Lance Stroll STR","Aston Martin Aramco Mercedes",44,"16:42:41","1:30.862",214.426,"STR","miami"
6,27,"Nico Hulkenberg HUL","Haas Ferrari",36,"16:30:21","1:30.901",214.334,"HUL","miami"
7,63,"George Russell RUS","Mercedes",57,"17:01:58","1:31.015",214.065,"RUS","miami"
8,22,"Yuki Tsunoda TSU","AlphaTauri Honda RBPT",56,"17:00:58","1:31.038",214.011,"TSU","miami"
9,31,"Esteban Ocon OCO","Alpine Renault",56,"17:00:52","1:31.143",213.765,"OCO","miami"
10,55,"Carlos Sainz SAI","Ferrari",55,"16:59:00","1:31.362",213.252,"SAI","miami"
11,16,"Charles Leclerc LEC","Ferrari",57,"17:02:18","1:31.434",213.084,"LEC","miami"
12,21,"Nyck De Vries DEV","AlphaTauri Honda RBPT",57,"17:02:54","1:31.562",212.786,"DEV","miami"
13,20,"Kevin Magnussen MAG","Haas Ferrari",53,"16:56:21","1:31.691",212.487,"MAG","miami"
14,24,"Zhou Guanyu ZHO","Alfa Romeo Ferrari",56,"17:01:11","1:31.736",212.383,"ZHO","miami"
15,77,"Valtteri Bottas BOT","Alfa Romeo Ferrari",56,"17:01:05","1:31.838",212.147,"BOT","miami"
16,23,"Alexander Albon ALB","Williams Mercedes",55,"16:59:34","1:31.852",212.115,"ALB","miami"
17,10,"Pierre Gasly GAS","Alpine Renault",55,"16:59:17","1:31.971",211.84,"GAS","miami"
18,81,"Oscar Piastri PIA","McLaren Mercedes",56,"17:01:46","1:32.006",211.76,"PIA","miami"
19,2,"Logan Sargeant SAR","Williams Mercedes",50,"16:52:39","1:32.384",210.893,"SAR","miami"
20,4,"Lando Norris NOR","McLaren Mercedes",47,"16:47:23","1:32.401",210.854,"NOR","miami"
1,44,"Lewis Hamilton HAM","Mercedes",33,"15:46:32","1:15.650",158.799,"HAM","monaco"
2,16,"Charles Leclerc LEC","Ferrari",46,"16:03:24","1:15.773",158.541,"LEC","monaco"
3,10,"Pierre Gasly GAS","Alpine Renault",49,"16:07:15","1:15.831",158.42,"GAS","monaco"
4,11,"Sergio Perez PER","Red Bull Racing Honda RBPT",5,"15:10:10","1:16.269",157.51,"PER","monaco"
5,55,"Carlos Sainz SAI","Ferrari",43,"15:59:22","1:16.449",157.14,"SAI","monaco"
6,31,"Esteban Ocon OCO","Alpine Renault",41,"15:56:46","1:16.528",156.977,"OCO","monaco"
7,1,"Max Verstappen VER","Red Bull Racing Honda RBPT",23,"15:32:49","1:16.604",156.822,"VER","monaco"
8,23,"Alexander Albon ALB","Williams Mercedes",24,"15:35:25","1:16.672",156.683,"ALB","monaco"
9,14,"Fernando Alonso ALO","Aston Martin Aramco Mercedes",43,"15:58:50","1:16.674",156.678,"ALO","monaco"
10,63,"George Russell RUS","Mercedes",48,"16:05:42","1:16.798",156.425,"RUS","monaco"
11,24,"Zhou Guanyu ZHO","Alfa Romeo Ferrari",5,"15:10:14","1:16.926",156.165,"ZHO","monaco"
12,27,"Nico Hulkenberg HUL","Haas Ferrari",6,"15:11:32","1:16.991",156.033,"HUL","monaco"
13,2,"Logan Sargeant SAR","Williams Mercedes",32,"15:46:25","1:17.302",155.406,"SAR","monaco"
14,81,"Oscar Piastri PIA","McLaren Mercedes",47,"16:05:04","1:17.513",154.983,"PIA","monaco"
15,21,"Nyck De Vries DEV","AlphaTauri Honda RBPT",43,"16:00:13","1:17.561",154.887,"DEV","monaco"
16,22,"Yuki Tsunoda TSU","AlphaTauri Honda RBPT",36,"15:50:35","1:17.680",154.649,"TSU","monaco"
17,18,"Lance Stroll STR","Aston Martin Aramco Mercedes",18,"15:27:21","1:17.769",154.472,"STR","monaco"
18,77,"Valtteri Bottas BOT","Alfa Romeo Ferrari",19,"15:28:34","1:17.824",154.363,"BOT","monaco"
19,4,"Lando Norris NOR","McLaren Mercedes",46,"16:03:42","1:17.844",154.324,"NOR","monaco"
20,20,"Kevin Magnussen MAG","Haas Ferrari",41,"15:57:42","1:18.351",153.325,"MAG","monaco"
1,1,"Max Verstappen VER","Red Bull Racing Honda RBPT",61,"16:24:44","1:16.330",219.641,"VER","spain"
2,11,"Sergio Perez PER","Red Bull Racing Honda RBPT",52,"16:13:37","1:16.666",218.678,"PER","spain"
3,44,"Lewis Hamilton HAM","Mercedes",62,"16:26:20","1:16.676",218.649,"HAM","spain"
4,4,"Lando Norris NOR","McLaren Mercedes",55,"16:18:32","1:17.182",217.216,"NOR","spain"
5,63,"George Russell RUS","Mercedes",48,"16:08:14","1:17.875",215.283,"RUS","spain"
6,20,"Kevin Magnussen MAG","Haas Ferrari",44,"16:03:58","1:18.069",214.748,"MAG","spain"
7,14,"Fernando Alonso ALO","Aston Martin Aramco Mercedes",49,"16:09:55","1:18.083",214.709,"ALO","spain"
8,77,"Valtteri Bottas BOT","Alfa Romeo Ferrari",50,"16:12:00","1:18.242",214.273,"BOT","spain"
9,16,"Charles Leclerc LEC","Ferrari",52,"16:14:03","1:18.357",213.959,"LEC","spain"
10,10,"Pierre Gasly GAS","Alpine Renault",41,"15:59:31","1:18.375",213.91,"GAS","spain"
11,55,"Carlos Sainz SAI","Ferrari",60,"16:24:07","1:18.403",213.833,"SAI","spain"
12,21,"Nyck De Vries DEV","AlphaTauri Honda RBPT",41,"15:59:36","1:18.594",213.313,"DEV","spain"
13,81,"Oscar Piastri PIA","McLaren Mercedes",41,"15:59:29","1:18.679",213.083,"PIA","spain"
14,18,"Lance Stroll STR","Aston Martin Aramco Mercedes",56,"16:19:05","1:18.722",212.967,"STR","spain"
15,24,"Zhou Guanyu ZHO","Alfa Romeo Ferrari",38,"15:55:26","1:18.753",212.883,"ZHO","spain"
16,27,"Nico Hulkenberg HUL","Haas Ferrari",53,"16:15:39","1:18.776",212.821,"HUL","spain"
17,22,"Yuki Tsunoda TSU","AlphaTauri Honda RBPT",59,"16:23:10","1:18.904",212.475,"TSU","spain"
18,31,"Esteban Ocon OCO","Alpine Renault",54,"16:16:32","1:18.946",212.362,"OCO","spain"
19,23,"Alexander Albon ALB","Williams Mercedes",59,"16:23:44","1:19.133",211.861,"ALB","spain"
20,2,"Logan Sargeant SAR","Williams Mercedes",41,"15:59:56","1:19.247",211.556,"SAR","spain"
1,11,"Sergio Perez PER","Red Bull Racing Honda RBPT",70,"15:37:54","1:14.481",210.786,"PER","canada"
2,44,"Lewis Hamilton HAM","Mercedes",47,"15:08:05","1:15.396",208.228,"HAM","canada"
3,1,"Max Verstappen VER","Red Bull Racing Honda RBPT",68,"15:34:31","1:15.594",207.683,"VER","canada"
4,14,"Fernando Alonso ALO","Aston Martin Aramco Mercedes",62,"15:27:03","1:15.779",207.176,"ALO","canada"
5,16,"Charles Leclerc LEC","Ferrari",47,"15:08:09","1:15.907",206.826,"LEC","canada"
6,55,"Carlos Sainz SAI","Ferrari",47,"15:08:11","1:15.911",206.815,"SAI","canada"
7,20,"Kevin Magnussen MAG","Haas Ferrari",55,"15:20:19","1:16.126",206.231,"MAG","canada"
8,4,"Lando Norris NOR","McLaren Mercedes",65,"15:31:39","1:16.374",205.562,"NOR","canada"
9,10,"Pierre Gasly GAS","Alpine Renault",67,"15:34:18","1:16.425",205.424,"GAS","canada"
10,18,"Lance Stroll STR","Aston Martin Aramco Mercedes",58,"15:22:41","1:16.564",205.051,"STR","canada"
11,81,"Oscar Piastri PIA","McLaren Mercedes",59,"15:24:02","1:16.598",204.96,"PIA","canada"
12,77,"Valtteri Bottas BOT","Alfa Romeo Ferrari",52,"15:14:57","1:16.625",204.888,"BOT","canada"
13,21,"Nyck De Vries DEV","AlphaTauri Honda RBPT",52,"15:16:29","1:16.656",204.805,"DEV","canada"
14,22,"Yuki Tsunoda TSU","AlphaTauri Honda RBPT",68,"15:35:43","1:16.666",204.779,"TSU","canada"
15,31,"Esteban Ocon OCO","Alpine Renault",63,"15:29:04","1:16.782",204.469,"OCO","canada"
16,23,"Alexander Albon ALB","Williams Mercedes",68,"15:35:30","1:16.917",204.11,"ALB","canada"
17,24,"Zhou Guanyu ZHO","Alfa Romeo Ferrari",58,"15:23:03","1:17.090",203.652,"ZHO","canada"
18,63,"George Russell RUS","Mercedes",44,"15:04:35","1:17.097",203.634,"RUS","canada"
19,27,"Nico Hulkenberg HUL","Haas Ferrari",37,"14:55:47","1:17.232",203.278,"HUL","canada"
20,2,"Logan Sargeant SAR","Williams Mercedes",4,"14:08:36","1:18.437",200.155,"SAR","canada"
1,1,"Max Verstappen VER","Red Bull Racing Honda RBPT",71,"16:28:21","1:07.012",231.97,"VER","austria"
2,11,"Sergio Perez PER","Red Bull Racing Honda RBPT",52,"16:06:44","1:08.111",228.227,"PER","austria"
3,18,"Lance Stroll STR","Aston Martin Aramco Mercedes",57,"16:13:15","1:08.463",227.054,"STR","austria"
4,4,"Lando Norris NOR","McLaren Mercedes",48,"16:02:05","1:08.739",226.142,"NOR","austria"
5,16,"Charles Leclerc LEC","Ferrari",51,"16:05:23","1:08.820",225.876,"LEC","austria"
6,55,"Carlos Sainz SAI","Ferrari",50,"16:04:22","1:08.880",225.679,"SAI","austria"
7,10,"Pierre Gasly GAS","Alpine Renault",48,"16:02:34","1:09.046",225.136,"GAS","austria"
8,14,"Fernando Alonso ALO","Aston Martin Aramco Mercedes",54,"16:09:10","1:09.108",224.934,"ALO","austria"
9,44,"Lewis Hamilton HAM","Mercedes",48,"16:02:16","1:09.160",224.765,"HAM","austria"
10,63,"George Russell RUS","Mercedes",49,"16:03:36","1:09.283",224.366,"RUS","austria"
11,23,"Alexander Albon ALB","Williams Mercedes",53,"16:08:28","1:09.560",223.473,"ALB","austria"
12,2,"Logan Sargeant SAR","Williams Mercedes",45,"15:59:20","1:09.611",223.309,"SAR","austria"
13,22,"Yuki Tsunoda TSU","AlphaTauri Honda RBPT",45,"15:59:37","1:09.620",223.28,"TSU","austria"
14,24,"Zhou Guanyu ZHO","Alfa Romeo Ferrari",46,"16:00:32","1:09.786",222.749,"ZHO","austria"
15,31,"Esteban Ocon OCO","Alpine Renault",50,"16:05:08","1:09.797",222.714,"OCO","austria"
16,21,"Nyck De Vries DEV","AlphaTauri Honda RBPT",46,"16:00:33","1:09.852",222.539,"DEV","austria"
17,81,"Oscar Piastri PIA","McLaren Mercedes",46,"16:00:48","1:09.862",222.507,"PIA","austria"
18,77,"Valtteri Bottas BOT","Alfa Romeo Ferrari",49,"16:04:16","1:09.940",222.259,"BOT","austria"
19,20,"Kevin Magnussen MAG","Haas Ferrari",37,"15:50:01","1:10.176",221.511,"MAG","austria"
20,27,"Nico Hulkenberg HUL","Haas Ferrari",7,"15:12:54","1:11.066",218.737,"HUL","austria"
1,1,"Max Verstappen VER","Red Bull Racing Honda RBPT",42,"16:13:15","1:30.275",234.922,"VER","great-britain"
2,4,"Lando Norris NOR","McLaren Mercedes",43,"16:14:49","1:30.543",234.226,"NOR","great-britain"
3,44,"Lewis Hamilton HAM","Mercedes",43,"16:14:50","1:30.545",234.221,"HAM","great-britain"
4,81,"Oscar Piastri PIA","McLaren Mercedes",41,"16:11:49","1:30.850",233.435,"PIA","great-britain"
5,11,"Sergio Perez PER","Red Bull Racing Honda RBPT",51,"16:27:08","1:30.914",233.271,"PER","great-britain"
6,63,"George Russell RUS","Mercedes",41,"16:11:50","1:31.124",232.733,"RUS","great-britain"
7,16,"Charles Leclerc LEC","Ferrari",48,"16:22:37","1:31.255",232.399,"LEC","great-britain"
8,23,"Alexander Albon ALB","Williams Mercedes",41,"16:11:54","1:31.273",232.353,"ALB","great-britain"
9,14,"Fernando Alonso ALO","Aston Martin Aramco Mercedes",48,"16:22:36","1:31.338",232.188,"ALO","great-britain"
10,55,"Carlos Sainz SAI","Ferrari",51,"16:27:14","1:31.366",232.116,"SAI","great-britain"
11,18,"Lance Stroll STR","Aston Martin Aramco Mercedes",42,"16:13:27","1:31.508",231.756,"STR","great-britain"
12,10,"Pierre Gasly GAS","Alpine Renault",42,"16:13:28","1:31.539",231.678,"GAS","great-britain"
13,2,"Logan Sargeant SAR","Williams Mercedes",42,"16:13:29","1:31.699",231.274,"SAR","great-britain"
14,24,"Zhou Guanyu ZHO","Alfa Romeo Ferrari",48,"16:22:47","1:31.769",231.097,"ZHO","great-britain"
15,27,"Nico Hulkenberg HUL","Haas Ferrari",52,"16:28:53","1:31.776",231.08,"HUL","great-britain"
16,77,"Valtteri Bottas BOT","Alfa Romeo Ferrari",52,"16:28:52","1:31.852",230.888,"BOT","great-britain"
17,22,"Yuki Tsunoda TSU","AlphaTauri Honda RBPT",48,"16:22:46","1:32.084",230.307,"TSU","great-britain"
18,21,"Nyck De Vries DEV","AlphaTauri Honda RBPT",48,"16:22:49","1:32.353",229.636,"DEV","great-britain"
19,20,"Kevin Magnussen MAG","Haas Ferrari",29,"15:48:58","1:33.356",227.169,"MAG","great-britain"
20,31,"Esteban Ocon OCO","Alpine Renault",4,"15:09:35","1:33.941",225.754,"OCO","great-britain"
1,1,"Max Verstappen VER","Red Bull Racing Honda RBPT",53,"16:17:58","1:20.504",195.91,"VER","hungary"
2,44,"Lewis Hamilton HAM","Mercedes",54,"16:19:54","1:21.601",193.277,"HAM","hungary"
3,63,"George Russell RUS","Mercedes",48,"16:11:53","1:22.158",191.966,"RUS","hungary"
4,4,"Lando Norris NOR","McLaren Mercedes",50,"16:14:03","1:22.178",191.919,"NOR","hungary"
5,11,"Sergio Perez PER","Red Bull Racing Honda RBPT",53,"16:18:20","1:22.295",191.647,"PER","hungary"
6,16,"Charles Leclerc LEC","Ferrari",50,"16:14:30","1:22.469",191.242,"LEC","hungary"
7,55,"Carlos Sainz SAI","Ferrari",54,"16:20:06","1:22.584",190.976,"SAI","hungary"
8,81,"Oscar Piastri PIA","McLaren Mercedes",45,"16:07:18","1:22.736",190.625,"PIA","hungary"
9,14,"Fernando Alonso ALO","Aston Martin Aramco Mercedes",51,"16:16:08","1:22.745",190.604,"ALO","hungary"
10,22,"Yuki Tsunoda TSU","AlphaTauri Honda RBPT",68,"16:40:41","1:23.269",189.405,"TSU","hungary"
11,18,"Lance Stroll STR","Aston Martin Aramco Mercedes",54,"16:20:25","1:23.425",189.051,"STR","hungary"
12,2,"Logan Sargeant SAR","Williams Mercedes",36,"15:55:31","1:23.496",188.89,"SAR","hungary"
13,27,"Nico Hulkenberg HUL","Haas Ferrari",42,"16:03:55","1:23.573",188.716,"HUL","hungary"
14,77,"Valtteri Bottas BOT","Alfa Romeo Ferrari",42,"16:03:49","1:23.651",188.54,"BOT","hungary"
15,24,"Zhou Guanyu ZHO","Alfa Romeo Ferrari",12,"15:20:56","1:23.743",188.333,"ZHO","hungary"
16,20,"Kevin Magnussen MAG","Haas Ferrari",54,"16:21:12","1:23.864",188.061,"MAG","hungary"
17,3,"Daniel Ricciardo RIC","AlphaTauri Honda RBPT",67,"16:38:59","1:23.934",187.904,"RIC","hungary"
18,23,"Alexander Albon ALB","Williams Mercedes",54,"16:20:39","1:24.051",187.643,"ALB","hungary"
1,44,"Lewis Hamilton HAM","Mercedes",44,"16:27:05","1:47.305",234.978,"HAM","belgium"
2,1,"Max Verstappen VER","Red Bull Racing Honda RBPT",32,"16:04:12","1:48.922",231.49,"VER","belgium"
3,23,"Alexander Albon ALB","Williams Mercedes",35,"16:11:05","1:49.841",229.553,"ALB","belgium"
4,27,"Nico Hulkenberg HUL","Haas Ferrari",26,"15:54:05","1:49.907",229.415,"HUL","belgium"
5,24,"Zhou Guanyu ZHO","Alfa Romeo Ferrari",27,"15:56:01","1:50.188",228.83,"ZHO","belgium"
6,11,"Sergio Perez PER","Red Bull Racing Honda RBPT",31,"16:02:33","1:50.308",228.581,"PER","belgium"
7,16,"Charles Leclerc LEC","Ferrari",30,"16:00:46","1:50.436",228.316,"LEC","belgium"
8,31,"Esteban Ocon OCO","Alpine Renault",27,"15:55:50","1:50.439",228.31,"OCO","belgium"
9,2,"Logan Sargeant SAR","Williams Mercedes",37,"16:14:58","1:50.486",228.213,"SAR","belgium"
10,77,"Valtteri Bottas BOT","Alfa Romeo Ferrari",26,"15:54:01","1:50.515",228.153,"BOT","belgium"
11,63,"George Russell RUS","Mercedes",25,"15:51:55","1:50.603",227.972,"RUS","belgium"
12,10,"Pierre Gasly GAS","Alpine Renault",25,"15:52:04","1:50.911",227.339,"GAS","belgium"
13,14,"Fernando Alonso ALO","Aston Martin Aramco Mercedes",42,"16:23:29","1:50.938",227.283,"ALO","belgium"
14,20,"Kevin Magnussen MAG","Haas Ferrari",27,"15:55:55","1:50.993",227.171,"MAG","belgium"
15,3,"Daniel Ricciardo RIC","AlphaTauri Honda RBPT",25,"15:52:15","1:50.994",227.169,"RIC","belgium"
16,18,"Lance Stroll STR","Aston Martin Aramco Mercedes",26,"15:53:52","1:51.297",226.55,"STR","belgium"
17,22,"Yuki Tsunoda TSU","AlphaTauri Honda RBPT",26,"15:53:54","1:51.394",226.353,"TSU","belgium"
18,4,"Lando Norris NOR","McLaren Mercedes",26,"15:53:47","1:51.682",225.769,"NOR","belgium"
19,55,"Carlos Sainz SAI","Ferrari",9,"15:21:24","1:53.138",222.864,"SAI","belgium"
1,14,"Fernando Alonso ALO","Aston Martin Aramco Mercedes",56,"16:21:11","1:13.837",207.651,"ALO","netherlands"
2,1,"Max Verstappen VER","Red Bull Racing Honda RBPT",58,"16:23:19","1:13.889",207.505,"VER","netherlands"
3,44,"Lewis Hamilton HAM","Mercedes",58,"16:23:56","1:13.904",207.463,"HAM","netherlands"
4,11,"Sergio Perez PER","Red Bull Racing Honda RBPT",59,"16:24:43","1:14.231",206.549,"PER","netherlands"
5,81,"Oscar Piastri PIA","McLaren Mercedes",54,"16:19:02","1:14.299",206.36,"PIA","netherlands"
6,4,"Lando Norris NOR","McLaren Mercedes",50,"16:13:56","1:14.390",206.108,"NOR","netherlands"
7,10,"Pierre Gasly GAS","Alpine Renault",55,"16:20:02","1:14.441",205.967,"GAS","netherlands"
8,23,"Alexander Albon ALB","Williams Mercedes",55,"16:20:09","1:14.468",205.892,"ALB","netherlands"
9,27,"Nico Hulkenberg HUL","Haas Ferrari",53,"16:18:05","1:14.472",205.881,"HUL","netherlands"
10,31,"Esteban Ocon OCO","Alpine Renault",51,"16:15:10","1:14.570",205.61,"OCO","netherlands"
11,77,"Valtteri Bottas BOT","Alfa Romeo Ferrari",49,"16:13:08","1:14.698",205.258,"BOT","netherlands"
12,40,"Liam Lawson LAW","AlphaTauri Honda RBPT",49,"16:13:14","1:14.820",204.923,"LAW","netherlands"
13,55,"Carlos Sainz SAI","Ferrari",54,"16:18:46","1:14.934",204.612,"SAI","netherlands"
14,63,"George Russell RUS","Mercedes",54,"16:18:53","1:15.124",204.094,"RUS","netherlands"
15,18,"Lance Stroll STR","Aston Martin Aramco Mercedes",37,"15:57:45","1:15.171",203.966,"STR","netherlands"
16,24,"Zhou Guanyu ZHO","Alfa Romeo Ferrari",39,"16:00:12","1:15.417",203.301,"ZHO","netherlands"
17,20,"Kevin Magnussen MAG","Haas Ferrari",37,"15:57:41","1:15.489",203.107,"MAG","netherlands"
18,22,"Yuki Tsunoda TSU","AlphaTauri Honda RBPT",35,"15:54:39","1:16.253",201.072,"TSU","netherlands"
19,16,"Charles Leclerc LEC","Ferrari",33,"15:52:17","1:17.277",198.408,"LEC","netherlands"
20,2,"Logan Sargeant SAR","Williams Mercedes",13,"15:23:29","1:17.399",198.095,"SAR","netherlands"
1,81,"Oscar Piastri PIA","McLaren Mercedes",43,"16:26:44","1:25.072",245.142,"PIA","italy"
2,1,"Max Verstappen VER","Red Bull Racing Honda RBPT",33,"16:11:11","1:25.240",244.659,"VER","italy"
3,55,"Carlos Sainz SAI","Ferrari",30,"16:07:01","1:25.501",243.912,"SAI","italy"
4,11,"Sergio Perez PER","Red Bull Racing Honda RBPT",39,"16:19:54","1:25.522",243.853,"PER","italy"
5,16,"Charles Leclerc LEC","Ferrari",38,"16:18:30","1:25.580",243.687,"LEC","italy"
6,44,"Lewis Hamilton HAM","Mercedes",29,"16:06:01","1:25.582",243.682,"HAM","italy"
7,10,"Pierre Gasly GAS","Alpine Renault",44,"16:28:17","1:25.758",243.181,"GAS","italy"
8,40,"Liam Lawson LAW","AlphaTauri Honda RBPT",44,"16:28:08","1:25.842",242.944,"LAW","italy"
9,63,"George Russell RUS","Mercedes",38,"16:18:37","1:25.847",242.929,"RUS","italy"
10,27,"Nico Hulkenberg HUL","Haas Ferrari",50,"16:37:05","1:25.894",242.796,"HUL","italy"
11,24,"Zhou Guanyu ZHO","Alfa Romeo Ferrari",35,"16:15:16","1:25.983",242.545,"ZHO","italy"
12,77,"Valtteri Bottas BOT","Alfa Romeo Ferrari",27,"16:03:22","1:25.988",242.531,"BOT","italy"
13,14,"Fernando Alonso ALO","Aston Martin Aramco Mercedes",43,"16:26:15","1:26.105",242.201,"ALO","italy"
14,4,"Lando Norris NOR","McLaren Mercedes",24,"15:58:43","1:26.144",242.092,"NOR","italy"
15,20,"Kevin Magnussen MAG","Haas Ferrari",42,"16:25:42","1:26.278",241.716,"MAG","italy"
16,23,"Alexander Albon ALB","Williams Mercedes",33,"16:11:41","1:26.389",241.405,"ALB","italy"
17,18,"Lance Stroll STR","Aston Martin Aramco Mercedes",31,"16:09:12","1:26.617",240.77,"STR","italy"
18,2,"Logan Sargeant SAR","Williams Mercedes",16,"15:47:15","1:26.840",240.152,"SAR","italy"
19,31,"Esteban Ocon OCO","Alpine Renault",33,"16:12:13","1:26.963",239.812,"OCO","italy"
1,44,"Lewis Hamilton HAM","Mercedes",47,"21:25:58","1:35.867",185.507,"HAM","singapore"
2,63,"George Russell RUS","Mercedes",46,"21:24:17","1:36.273",184.724,"RUS","singapore"
3,14,"Fernando Alonso ALO","Aston Martin Aramco Mercedes",47,"21:27:03","1:36.456",184.374,"ALO","singapore"
4,1,"Max Verstappen VER","Red Bull Racing Honda RBPT",61,"21:49:05","1:36.575",184.147,"VER","singapore"
5,11,"Sergio Perez PER","Red Bull Racing Honda RBPT",61,"21:49:38","1:37.108",183.136,"PER","singapore"
6,23,"Alexander Albon ALB","Williams Mercedes",46,"21:24:52","1:37.342",182.696,"ALB","singapore"
7,55,"Carlos Sainz SAI","Ferrari",47,"21:25:39","1:37.666",182.089,"SAI","singapore"
8,4,"Lando Norris NOR","McLaren Mercedes",46,"21:24:03","1:38.046",181.384,"NOR","singapore"
9,77,"Valtteri Bottas BOT","Alfa Romeo Ferrari",51,"21:33:25","1:38.075",181.33,"BOT","singapore"
10,20,"Kevin Magnussen MAG","Haas Ferrari",48,"21:28:27","1:38.107",181.271,"MAG","singapore"
11,16,"Charles Leclerc LEC","Ferrari",46,"21:24:06","1:38.275",180.961,"LEC","singapore"
12,10,"Pierre Gasly GAS","Alpine Renault",46,"21:24:30","1:38.277",180.957,"GAS","singapore"
13,81,"Oscar Piastri PIA","McLaren Mercedes",46,"21:24:33","1:38.492",180.562,"PIA","singapore"
14,2,"Logan Sargeant SAR","Williams Mercedes",45,"21:23:37","1:38.531",180.491,"SAR","singapore"
15,40,"Liam Lawson LAW","AlphaTauri Honda RBPT",47,"21:26:15","1:39.028",179.585,"LAW","singapore"
16,24,"Zhou Guanyu ZHO","Alfa Romeo Ferrari",46,"21:24:41","1:39.316",179.064,"ZHO","singapore"
17,27,"Nico Hulkenberg HUL","Haas Ferrari",50,"21:31:21","1:39.923",177.977,"HUL","singapore"
18,31,"Esteban Ocon OCO","Alpine Renault",33,"21:01:42","1:39.930",177.964,"OCO","singapore"
1,1,"Max Verstappen VER","Red Bull Racing Honda RBPT",39,"15:12:37","1:34.183",221.963,"VER","japan"
2,4,"Lando Norris NOR","McLaren Mercedes",40,"15:14:28","1:35.247",219.484,"NOR","japan"
3,44,"Lewis Hamilton HAM","Mercedes",36,"15:08:16","1:35.611",218.648,"HAM","japan"
4,55,"Carlos Sainz SAI","Ferrari",40,"15:14:49","1:36.187",217.339,"SAI","japan"
5,81,"Oscar Piastri PIA","McLaren Mercedes",38,"15:11:23","1:36.328",217.021,"PIA","japan"
6,16,"Charles Leclerc LEC","Ferrari",40,"15:14:38","1:36.362",216.944,"LEC","japan"
7,10,"Pierre Gasly GAS","Alpine Renault",36,"15:08:40","1:36.371",216.924,"GAS","japan"
8,14,"Fernando Alonso ALO","Aston Martin Aramco Mercedes",28,"14:55:20","1:37.203",215.067,"ALO","japan"
9,27,"Nico Hulkenberg HUL","Haas Ferrari",44,"15:22:09","1:37.250",214.963,"HUL","japan"
10,31,"Esteban Ocon OCO","Alpine Renault",34,"15:05:16","1:37.398",214.636,"OCO","japan"
11,63,"George Russell RUS","Mercedes",27,"14:53:20","1:37.653",214.076,"RUS","japan"
12,22,"Yuki Tsunoda TSU","AlphaTauri Honda RBPT",36,"15:08:51","1:37.768",213.824,"TSU","japan"
13,24,"Zhou Guanyu ZHO","Alfa Romeo Ferrari",45,"15:23:40","1:37.791",213.774,"ZHO","japan"
14,20,"Kevin Magnussen MAG","Haas Ferrari",41,"15:17:22","1:37.842",213.662,"MAG","japan"
15,40,"Liam Lawson LAW","AlphaTauri Honda RBPT",50,"15:31:47","1:38.267",212.738,"LAW","japan"
16,2,"Logan Sargeant SAR","Williams Mercedes",7,"14:20:23","1:38.848",211.488,"SAR","japan"
17,18,"Lance Stroll STR","Aston Martin Aramco Mercedes",16,"14:35:16","1:39.050",211.057,"STR","japan"
18,23,"Alexander Albon ALB","Williams Mercedes",15,"14:34:07","1:39.185",210.769,"ALB","japan"
19,11,"Sergio Perez PER","Red Bull Racing Honda RBPT",8,"14:21:20","1:39.704",209.672,"PER","japan"
20,77,"Valtteri Bottas BOT","Alfa Romeo Ferrari",5,"14:16:43","2:02.755",170.3,"BOT","japan"
1,1,"Max Verstappen VER","Red Bull Racing Honda RBPT",56,"21:29:47","1:24.319",231.364,"VER","qatar"
2,4,"Lando Norris NOR","McLaren Mercedes",47,"21:17:06","1:24.842",229.938,"NOR","qatar"
3,81,"Oscar Piastri PIA","McLaren Mercedes",48,"21:18:29","1:24.921",229.724,"PIA","qatar"
4,16,"Charles Leclerc LEC","Ferrari",57,"21:31:51","1:24.992",229.532,"LEC","qatar"
5,63,"George Russell RUS","Mercedes",35,"20:59:39","1:25.770",227.45,"RUS","qatar"
6,14,"Fernando Alonso ALO","Aston Martin Aramco Mercedes",57,"21:32:01","1:26.045",226.723,"ALO","qatar"
7,11,"Sergio Perez PER","Red Bull Racing Honda RBPT",50,"21:22:17","1:26.220",226.263,"PER","qatar"
8,10,"Pierre Gasly GAS","Alpine Renault",49,"21:20:48","1:26.310",226.027,"GAS","qatar"
9,24,"Zhou Guanyu ZHO","Alfa Romeo Ferrari",54,"21:28:08","1:26.323",225.993,"ZHO","qatar"
10,18,"Lance Stroll STR","Aston Martin Aramco Mercedes",55,"21:29:31","1:26.352",225.917,"STR","qatar"
11,31,"Esteban Ocon OCO","Alpine Renault",42,"21:10:00","1:26.450",225.661,"OCO","qatar"
12,27,"Nico Hulkenberg HUL","Haas Ferrari",45,"21:15:25","1:26.489",225.559,"HUL","qatar"
13,77,"Valtteri Bottas BOT","Alfa Romeo Ferrari",54,"21:27:58","1:26.652",225.135,"BOT","qatar"
14,23,"Alexander Albon ALB","Williams Mercedes",57,"21:32:33","1:26.666",225.098,"ALB","qatar"
15,20,"Kevin Magnussen MAG","Haas Ferrari",46,"21:16:36","1:27.067",224.061,"MAG","qatar"
16,40,"Liam Lawson LAW","AlphaTauri Honda RBPT",54,"21:28:44","1:27.113",223.943,"LAW","qatar"
17,22,"Yuki Tsunoda TSU","AlphaTauri Honda RBPT",55,"21:29:51","1:27.174",223.786,"TSU","qatar"
18,2,"Logan Sargeant SAR","Williams Mercedes",31,"20:54:19","1:27.983",221.729,"SAR","qatar"
1,22,"Yuki Tsunoda TSU","AlphaTauri Honda RBPT",56,"15:40:17","1:38.139",202.231,"TSU","united-states"
2,3,"Daniel Ricciardo RIC","AlphaTauri Honda RBPT",49,"15:29:02","1:39.366",199.734,"RIC","united-states"
3,63,"George Russell RUS","Mercedes",48,"15:26:06","1:39.393",199.68,"RUS","united-states"
4,44,"Lewis Hamilton HAM","Mercedes",42,"15:15:42","1:39.582",199.301,"HAM","united-states"
5,11,"Sergio Perez PER","Red Bull Racing Honda RBPT",40,"15:12:29","1:39.737",198.991,"PER","united-states"
6,18,"Lance Stroll STR","Aston Martin Aramco Mercedes",48,"15:26:28","1:39.908",198.65,"STR","united-states"
7,14,"Fernando Alonso ALO","Aston Martin Aramco Mercedes",47,"15:24:44","1:39.954",198.559,"ALO","united-states"
8,4,"Lando Norris NOR","McLaren Mercedes",39,"15:10:37","1:39.985",198.497,"NOR","united-states"
9,1,"Max Verstappen VER","Red Bull Racing Honda RBPT",40,"15:12:15","1:40.028",198.412,"VER","united-states"
10,55,"Carlos Sainz SAI","Ferrari",51,"15:30:53","1:40.034",198.4,"SAI","united-states"
11,10,"Pierre Gasly GAS","Alpine Renault",47,"15:24:41","1:40.412",197.653,"GAS","united-states"
12,27,"Nico Hulkenberg HUL","Haas Ferrari",45,"15:21:45","1:40.925",196.648,"HUL","united-states"
13,16,"Charles Leclerc LEC","Ferrari",38,"15:08:55","1:41.025",196.454,"LEC","united-states"
14,2,"Logan Sargeant SAR","Williams Mercedes",34,"15:03:09","1:41.238",196.041,"SAR","united-states"
15,23,"Alexander Albon ALB","Williams Mercedes",40,"15:13:11","1:41.371",195.783,"ALB","united-states"
16,20,"Kevin Magnussen MAG","Haas Ferrari",41,"15:15:14","1:41.506",195.523,"MAG","united-states"
17,24,"Zhou Guanyu ZHO","Alfa Romeo Ferrari",51,"15:32:13","1:41.879",194.807,"ZHO","united-states"
18,77,"Valtteri Bottas BOT","Alfa Romeo Ferrari",54,"15:37:14","1:41.972",194.629,"BOT","united-states"
19,81,"Oscar Piastri PIA","McLaren Mercedes",5,"14:12:19","1:42.705",193.24,"PIA","united-states"
20,31,"Esteban Ocon OCO","Alpine Renault",2,"14:07:13","1:44.789",189.397,"OCO","united-states"
1,44,"Lewis Hamilton HAM","Mercedes",71,"16:06:02","1:21.334",190.503,"HAM","mexico"
2,1,"Max Verstappen VER","Red Bull Racing Honda RBPT",40,"15:23:19","1:21.644",189.78,"VER","mexico"
3,4,"Lando Norris NOR","McLaren Mercedes",71,"16:06:22","1:21.944",189.085,"NOR","mexico"
4,16,"Charles Leclerc LEC","Ferrari",38,"15:20:37","1:22.332",188.194,"LEC","mexico"
5,22,"Yuki Tsunoda TSU","AlphaTauri Honda RBPT",11,"14:19:49","1:22.501",187.808,"TSU","mexico"
6,55,"Carlos Sainz SAI","Ferrari",57,"15:46:57","1:22.539",187.722,"SAI","mexico"
7,3,"Daniel Ricciardo RIC","AlphaTauri Honda RBPT",66,"15:59:32","1:22.679",187.404,"RIC","mexico"
8,81,"Oscar Piastri PIA","McLaren Mercedes",53,"15:41:33","1:22.760",187.22,"PIA","mexico"
9,23,"Alexander Albon ALB","Williams Mercedes",65,"15:58:20","1:22.773",187.191,"ALB","mexico"
10,63,"George Russell RUS","Mercedes",38,"15:20:40","1:22.780",187.175,"RUS","mexico"
11,31,"Esteban Ocon OCO","Alpine Renault",66,"15:59:55","1:22.976",186.733,"OCO","mexico"
12,2,"Logan Sargeant SAR","Williams Mercedes",24,"14:38:12","1:23.003",186.672,"SAR","mexico"
13,20,"Kevin Magnussen MAG","Haas Ferrari",25,"14:39:37","1:23.146",186.351,"MAG","mexico"
14,77,"Valtteri Bottas BOT","Alfa Romeo Ferrari",43,"15:27:45","1:23.166",186.306,"BOT","mexico"
15,27,"Nico Hulkenberg HUL","Haas Ferrari",43,"15:27:41","1:23.222",186.181,"HUL","mexico"
16,10,"Pierre Gasly GAS","Alpine Renault",43,"15:27:43","1:23.230",186.163,"GAS","mexico"
17,18,"Lance Stroll STR","Aston Martin Aramco Mercedes",43,"15:27:46","1:23.257",186.103,"STR","mexico"
18,14,"Fernando Alonso ALO","Aston Martin Aramco Mercedes",40,"15:23:39","1:23.531",185.492,"ALO","mexico"
19,24,"Zhou Guanyu ZHO","Alfa Romeo Ferrari",39,"15:22:14","1:23.567",185.412,"ZHO","mexico"
1,4,"Lando Norris NOR","McLaren Mercedes",61,"15:48:03","1:12.486",214.005,"NOR","brazil"
2,1,"Max Verstappen VER","Red Bull Racing Honda RBPT",68,"15:56:30","1:13.422",211.277,"VER","brazil"
3,3,"Daniel Ricciardo RIC","AlphaTauri Honda RBPT",68,"15:58:53","1:13.866",210.007,"RIC","brazil"
4,18,"Lance Stroll STR","Aston Martin Aramco Mercedes",67,"15:55:54","1:14.007",209.607,"STR","brazil"
5,11,"Sergio Perez PER","Red Bull Racing Honda RBPT",55,"15:40:48","1:14.124",209.276,"PER","brazil"
6,31,"Esteban Ocon OCO","Alpine Renault",53,"15:39:01","1:14.206",209.045,"OCO","brazil"
7,22,"Yuki Tsunoda TSU","AlphaTauri Honda RBPT",64,"15:52:36","1:14.231",208.974,"TSU","brazil"
8,81,"Oscar Piastri PIA","McLaren Mercedes",66,"15:56:28","1:14.310",208.752,"PIA","brazil"
9,55,"Carlos Sainz SAI","Ferrari",59,"15:46:04","1:14.406",208.483,"SAI","brazil"
10,14,"Fernando Alonso ALO","Aston Martin Aramco Mercedes",54,"15:39:33","1:14.442",208.382,"ALO","brazil"
11,10,"Pierre Gasly GAS","Alpine Renault",48,"15:32:21","1:14.521",208.161,"GAS","brazil"
12,44,"Lewis Hamilton HAM","Mercedes",59,"15:46:09","1:14.739",207.554,"HAM","brazil"
13,63,"George Russell RUS","Mercedes",55,"15:41:17","1:14.934",207.014,"RUS","brazil"
14,27,"Nico Hulkenberg HUL","Haas Ferrari",66,"15:55:40","1:15.036",206.732,"HUL","brazil"
15,77,"Valtteri Bottas BOT","Alfa Romeo Ferrari",20,"14:56:24","1:15.731",204.835,"BOT","brazil"
16,2,"Logan Sargeant SAR","Williams Mercedes",51,"15:36:29","1:15.738",204.816,"SAR","brazil"
17,24,"Zhou Guanyu ZHO","Alfa Romeo Ferrari",17,"14:52:35","1:16.232",203.489,"ZHO","brazil"
