"Pos","No","Driver","Car","Q1","Q2","Q3","Laps","DriverAbbr","Track"
"1",1,"Max Verstappen VER","Red Bull Racing Honda RBPT","1:31.295","1:30.503","1:29.708",15,"VER","bahrain"
"2",11,"Sergio Perez PER","Red Bull Racing Honda RBPT","1:31.479","1:30.746","1:29.846",15,"PER","bahrain"
"3",16,"Charles Leclerc LEC","Ferrari","1:31.094","1:30.282","1:30.000",17,"LEC","bahrain"
"4",55,"Carlos Sainz SAI","Ferrari","1:30.993","1:30.515","1:30.154",18,"SAI","bahrain"
"5",14,"Fernando Alonso ALO","Aston Martin Aramco Mercedes","1:31.158","1:30.645","1:30.336",15,"ALO","bahrain"
"6",63,"George Russell RUS","Mercedes","1:31.057","1:30.507","1:30.340",15,"RUS","bahrain"
"7",44,"Lewis Hamilton HAM","Mercedes","1:31.543","1:30.513","1:30.384",15,"HAM","bahrain"
"8",18,"Lance Stroll STR","Aston Martin Aramco Mercedes","1:31.184","1:31.127","1:30.836",18,"STR","bahrain"
"9",31,"Esteban Ocon OCO","Alpine Renault","1:31.508","1:30.914","1:30.984",15,"OCO","bahrain"
"10",27,"Nico Hulkenberg HUL","Haas Ferrari","1:31.204","1:30.809","DNF",17,"HUL","bahrain"
"11",4,"Lando Norris NOR","McLaren Mercedes","1:31.652","1:31.381","",13,"NOR","bahrain"
"12",77,"Valtteri Bottas BOT","Alfa Romeo Ferrari","1:31.504","1:31.443","",12,"BOT","bahrain"
"13",24,"Zhou Guanyu ZHO","Alfa Romeo Ferrari","1:31.615","1:31.473","",12,"ZHO","bahrain"
"14",22,"Yuki Tsunoda TSU","AlphaTauri Honda RBPT","1:31.400","1:32.510","",15,"TSU","bahrain"
"15",23,"Alexander Albon ALB","Williams Mercedes","1:31.461","DNF","",8,"ALB","bahrain"
"16",2,"Logan Sargeant SAR","Williams Mercedes","1:31.652","","",6,"SAR","bahrain"
"17",20,"Kevin Magnussen MAG","Haas Ferrari","1:31.892","","",6,"MAG","bahrain"
"18",81,"Oscar Piastri PIA","McLaren Mercedes","1:32.101","","",7,"PIA","bahrain"
"19",21,"Nyck De Vries DEV","AlphaTauri Honda RBPT","1:32.121","","",9,"DEV","bahrain"
"20",10,"Pierre Gasly GAS","Alpine Renault","1:32.181","","",6,"GAS","bahrain"
"1",11,"Sergio Perez PER","Red Bull Racing Honda RBPT","1:29.244","1:28.635","1:28.265",18,"PER","saudi-arabia"
"2",16,"Charles Leclerc LEC","Ferrari","1:29.376","1:28.903","1:28.420",19,"LEC","saudi-arabia"
"3",14,"Fernando Alonso ALO","Aston Martin Aramco Mercedes","1:29.298","1:28.757","1:28.730",18,"ALO","saudi-arabia"
"4",63,"George Russell RUS","Mercedes","1:29.592","1:29.132","1:28.857",21,"RUS","saudi-arabia"
"5",55,"Carlos Sainz SAI","Ferrari","1:29.411","1:28.957","1:28.931",24,"SAI","saudi-arabia"
"6",18,"Lance Stroll STR","Aston Martin Aramco Mercedes","1:29.335","1:28.962","1:28.945",20,"STR","saudi-arabia"
"7",31,"Esteban Ocon OCO","Alpine Renault","1:29.707","1:29.255","1:29.078",24,"OCO","saudi-arabia"
"8",44,"Lewis Hamilton HAM","Mercedes","1:29.689","1:29.374","1:29.223",21,"HAM","saudi-arabia"
"9",81,"Oscar Piastri PIA","McLaren Mercedes","1:29.706","1:29.378","1:29.243",23,"PIA","saudi-arabia"
"10",10,"Pierre Gasly GAS","Alpine Renault","1:29.890","1:29.411","1:29.357",23,"GAS","saudi-arabia"
"11",27,"Nico Hulkenberg HUL","Haas Ferrari","1:29.547","1:29.451","",18,"HUL","saudi-arabia"
"12",24,"Zhou Guanyu ZHO","Alfa Romeo Ferrari","1:29.654","1:29.461","",18,"ZHO","saudi-arabia"
"13",20,"Kevin Magnussen MAG","Haas Ferrari","1:29.744","1:29.634","",17,"MAG","saudi-arabia"
"14",77,"Valtteri Bottas BOT","Alfa Romeo Ferrari","1:29.929","1:29.668","",18,"BOT","saudi-arabia"
"15",1,"Max Verstappen VER","Red Bull Racing Honda RBPT","1:28.761","1:49.953","",6,"VER","saudi-arabia"
"16",22,"Yuki Tsunoda TSU","AlphaTauri Honda RBPT","1:29.939","","",10,"TSU","saudi-arabia"
"17",23,"Alexander Albon ALB","Williams Mercedes","1:29.994","","",9,"ALB","saudi-arabia"
"18",21,"Nyck De Vries DEV","AlphaTauri Honda RBPT","1:30.244","","",10,"DEV","saudi-arabia"
"19",4,"Lando Norris NOR","McLaren Mercedes","1:30.447","","",4,"NOR","saudi-arabia"
"NC",2,"Logan Sargeant SAR","Williams Mercedes","2:08.510","","",8,"SAR","saudi-arabia"
"1",1,"Max Verstappen VER","Red Bull Racing Honda RBPT","1:17.384","1:17.056","1:16.732",24,"VER","australia"
"2",63,"George Russell RUS","Mercedes","1:17.654","1:17.513","1:16.968",29,"RUS","australia"
"3",44,"Lewis Hamilton HAM","Mercedes","1:17.689","1:17.551","1:17.104",28,"HAM","australia"
"4",14,"Fernando Alonso ALO","Aston Martin Aramco Mercedes","1:17.832","1:17.283","1:17.139",26,"ALO","australia"
"5",55,"Carlos Sainz SAI","Ferrari","1:17.928","1:17.349","1:17.270",28,"SAI","australia"
"6",18,"Lance Stroll STR","Aston Martin Aramco Mercedes","1:17.873","1:17.616","1:17.308",26,"STR","australia"
"7",16,"Charles Leclerc LEC","Ferrari","1:18.218","1:17.390","1:17.369",25,"LEC","australia"
"8",23,"Alexander Albon ALB","Williams Mercedes","1:17.962","1:17.761","1:17.609",27,"ALB","australia"
"9",10,"Pierre Gasly GAS","Alpine Renault","1:18.312","1:17.574","1:17.675",25,"GAS","australia"
"10",27,"Nico Hulkenberg HUL","Haas Ferrari","1:18.029","1:17.412","1:17.735",26,"HUL","australia"
"11",31,"Esteban Ocon OCO","Alpine Renault","1:17.770","1:17.768","",18,"OCO","australia"
"12",22,"Yuki Tsunoda TSU","AlphaTauri Honda RBPT","1:18.471","1:18.099","",22,"TSU","australia"
"13",4,"Lando Norris NOR","McLaren Mercedes","1:18.243","1:18.119","",24,"NOR","australia"
"14",20,"Kevin Magnussen MAG","Haas Ferrari","1:18.159","1:18.129","",18,"MAG","australia"
"15",21,"Nyck De Vries DEV","AlphaTauri Honda RBPT","1:18.450","1:18.335","",23,"DEV","australia"
"16",81,"Oscar Piastri PIA","McLaren Mercedes","1:18.517","","",12,"PIA","australia"
"17",24,"Zhou Guanyu ZHO","Alfa Romeo Ferrari","1:18.540","","",12,"ZHO","australia"
"18",2,"Logan Sargeant SAR","Williams Mercedes","1:18.557","","",12,"SAR","australia"
"19",77,"Valtteri Bottas BOT","Alfa Romeo Ferrari","1:18.714","","",12,"BOT","australia"
"NC",11,"Sergio Perez PER","Red Bull Racing Honda RBPT","DNF","","",2,"PER","australia"
"1",16,"Charles Leclerc LEC","Ferrari","1:41.269","1:41.037","1:40.203",21,"LEC","azerbaijan"
"2",1,"Max Verstappen VER","Red Bull Racing Honda RBPT","1:41.398","1:40.822","1:40.391",20,"VER","azerbaijan"
"3",11,"Sergio Perez PER","Red Bull Racing Honda RBPT","1:41.756","1:41.131","1:40.495",21,"PER","azerbaijan"
"4",55,"Carlos Sainz SAI","Ferrari","1:42.197","1:41.369","1:41.016",24,"SAI","azerbaijan"
"5",44,"Lewis Hamilton HAM","Mercedes","1:42.113","1:41.650","1:41.177",24,"HAM","azerbaijan"
"6",14,"Fernando Alonso ALO","Aston Martin Aramco Mercedes","1:41.720","1:41.370","1:41.253",23,"ALO","azerbaijan"
"7",4,"Lando Norris NOR","McLaren Mercedes","1:42.154","1:41.485","1:41.281",20,"NOR","azerbaijan"
"8",22,"Yuki Tsunoda TSU","AlphaTauri Honda RBPT","1:42.234","1:41.569","1:41.581",23,"TSU","azerbaijan"
"9",18,"Lance Stroll STR","Aston Martin Aramco Mercedes","1:42.524","1:41.576","1:41.611",23,"STR","azerbaijan"
"10",81,"Oscar Piastri PIA","McLaren Mercedes","1:42.455","1:41.636","1:41.611",24,"PIA","azerbaijan"
"11",63,"George Russell RUS","Mercedes","1:42.073","1:41.654","",18,"RUS","azerbaijan"
"12",31,"Esteban Ocon OCO","Alpine Renault","1:42.622","1:41.798","",19,"OCO","azerbaijan"
"13",23,"Alexander Albon ALB","Williams Mercedes","1:42.171","1:41.818","",19,"ALB","azerbaijan"
"14",77,"Valtteri Bottas BOT","Alfa Romeo Ferrari","1:42.582","1:42.259","",19,"BOT","azerbaijan"
"15",2,"Logan Sargeant SAR","Williams Mercedes","1:42.242","1:42.395","",19,"SAR","azerbaijan"
"16",24,"Zhou Guanyu ZHO","Alfa Romeo Ferrari","1:42.642","","",11,"ZHO","azerbaijan"
"17",27,"Nico Hulkenberg HUL","Haas Ferrari","1:42.755","","",10,"HUL","azerbaijan"
"18",20,"Kevin Magnussen MAG","Haas Ferrari","1:43.417","","",9,"MAG","azerbaijan"
"19",10,"Pierre Gasly GAS","Alpine Renault","1:44.853","","",6,"GAS","azerbaijan"
"NC",21,"Nyck De Vries DEV","AlphaTauri Honda RBPT","1:55.282","","",3,"DEV","azerbaijan"
"1",11,"Sergio Perez PER","Red Bull Racing Honda RBPT","1:27.713","1:27.328","1:26.841",20,"PER","miami"
"2",14,"Fernando Alonso ALO","Aston Martin Aramco Mercedes","1:28.179","1:27.097","1:27.202",19,"ALO","miami"
"3",55,"Carlos Sainz SAI","Ferrari","1:27.686","1:27.148","1:27.349",18,"SAI","miami"
"4",20,"Kevin Magnussen MAG","Haas Ferrari","1:27.809","1:27.673","1:27.767",19,"MAG","miami"
"5",10,"Pierre Gasly GAS","Alpine Renault","1:28.061","1:27.612","1:27.786",20,"GAS","miami"
"6",63,"George Russell RUS","Mercedes","1:28.086","1:27.743","1:27.804",20,"RUS","miami"
"7",16,"Charles Leclerc LEC","Ferrari","1:27.713","1:26.964","1:27.861",19,"LEC","miami"
"8",31,"Esteban Ocon OCO","Alpine Renault","1:27.872","1:27.444","1:27.935",20,"OCO","miami"
"9",1,"Max Verstappen VER","Red Bull Racing Honda RBPT","1:27.363","1:26.814","DNF",15,"VER","miami"
"10",77,"Valtteri Bottas BOT","Alfa Romeo Ferrari","1:27.864","1:27.564","DNS",15,"BOT","miami"
"11",23,"Alexander Albon ALB","Williams Mercedes","1:28.234","1:27.795","",15,"ALB","miami"
"12",27,"Nico Hulkenberg HUL","Haas Ferrari","1:27.945","1:27.903","",15,"HUL","miami"
"13",44,"Lewis Hamilton HAM","Mercedes","1:27.846","1:27.975","",15,"HAM","miami"
"14",24,"Zhou Guanyu ZHO","Alfa Romeo Ferrari","1:28.180","1:28.091","",17,"ZHO","miami"
"15",21,"Nyck De Vries DEV","AlphaTauri Honda RBPT","1:28.325","1:28.395","",16,"DEV","miami"
"16",4,"Lando Norris NOR","McLaren Mercedes","1:28.394","","",8,"NOR","miami"
"17",22,"Yuki Tsunoda TSU","AlphaTauri Honda RBPT","1:28.429","","",10,"TSU","miami"
"18",18,"Lance Stroll STR","Aston Martin Aramco Mercedes","1:28.476","","",8,"STR","miami"
"19",81,"Oscar Piastri PIA","McLaren Mercedes","1:28.484","","",9,"PIA","miami"
"20",2,"Logan Sargeant SAR","Williams Mercedes","1:28.577","","",10,"SAR","miami"
"1",1,"Max Verstappen VER","Red Bull Racing Honda RBPT","1:12.386","1:11.908","1:11.365",30,"VER","monaco"
"2",14,"Fernando Alonso ALO","Aston Martin Aramco Mercedes","1:12.886","1:12.107","1:11.449",25,"ALO","monaco"
"3",16,"Charles Leclerc LEC","Ferrari","1:12.912","1:12.103","1:11.471",26,"LEC","monaco"
"4",31,"Esteban Ocon OCO","Alpine Renault","1:12.967","1:12.248","1:11.553",26,"OCO","monaco"
"5",55,"Carlos Sainz SAI","Ferrari","1:12.717","1:12.210","1:11.630",28,"SAI","monaco"
"6",44,"Lewis Hamilton HAM","Mercedes","1:12.872","1:12.156","1:11.725",30,"HAM","monaco"
"7",10,"Pierre Gasly GAS","Alpine Renault","1:13.033","1:12.169","1:11.933",25,"GAS","monaco"
"8",63,"George Russell RUS","Mercedes","1:12.769","1:12.151","1:11.964",29,"RUS","monaco"
"9",22,"Yuki Tsunoda TSU","AlphaTauri Honda RBPT","1:12.642","1:12.249","1:12.082",29,"TSU","monaco"
"10",4,"Lando Norris NOR","McLaren Mercedes","1:12.877","1:12.377","1:12.254",23,"NOR","monaco"
"11",81,"Oscar Piastri PIA","McLaren Mercedes","1:13.006","1:12.395","",22,"PIA","monaco"
"12",21,"Nyck De Vries DEV","AlphaTauri Honda RBPT","1:13.054","1:12.428","",20,"DEV","monaco"
"13",23,"Alexander Albon ALB","Williams Mercedes","1:12.706","1:12.527","",19,"ALB","monaco"
"14",18,"Lance Stroll STR","Aston Martin Aramco Mercedes","1:12.722","1:12.623","",19,"STR","monaco"
"15",77,"Valtteri Bottas BOT","Alfa Romeo Ferrari","1:13.038","1:12.625","",22,"BOT","monaco"
"16",2,"Logan Sargeant SAR","Williams Mercedes","1:13.113","","",13,"SAR","monaco"
"17",20,"Kevin Magnussen MAG","Haas Ferrari","1:13.270","","",9,"MAG","monaco"
"18",27,"Nico Hulkenberg HUL","Haas Ferrari","1:13.279","","",8,"HUL","monaco"
"19",24,"Zhou Guanyu ZHO","Alfa Romeo Ferrari","1:13.523","","",13,"ZHO","monaco"
"20",11,"Sergio Perez PER","Red Bull Racing Honda RBPT","1:13.850","","",4,"PER","monaco"
"1",1,"Max Verstappen VER","Red Bull Racing Honda RBPT","1:13.615","1:12.760","1:12.272",20,"VER","spain"
"2",55,"Carlos Sainz SAI","Ferrari","1:13.411","1:12.790","1:12.734",22,"SAI","spain"
"3",4,"Lando Norris NOR","McLaren Mercedes","1:13.295","1:12.776","1:12.792",22,"NOR","spain"
"4",10,"Pierre Gasly GAS","Alpine Renault","1:13.471","1:13.186","1:12.816",21,"GAS","spain"
"5",44,"Lewis Hamilton HAM","Mercedes","1:12.937","1:12.999","1:12.818",23,"HAM","spain"
"6",18,"Lance Stroll STR","Aston Martin Aramco Mercedes","1:13.766","1:13.082","1:12.994",23,"STR","spain"
"7",31,"Esteban Ocon OCO","Alpine Renault","1:13.433","1:13.001","1:13.083",21,"OCO","spain"
"8",27,"Nico Hulkenberg HUL","Haas Ferrari","1:13.420","1:13.283","1:13.229",18,"HUL","spain"
"9",14,"Fernando Alonso ALO","Aston Martin Aramco Mercedes","1:13.747","1:13.098","1:13.507",18,"ALO","spain"
"10",81,"Oscar Piastri PIA","McLaren Mercedes","1:13.691","1:13.059","1:13.682",20,"PIA","spain"
"11",11,"Sergio Perez PER","Red Bull Racing Honda RBPT","1:13.874","1:13.334","",17,"PER","spain"
"12",63,"George Russell RUS","Mercedes","1:13.326","1:13.447","",18,"RUS","spain"
"13",24,"Zhou Guanyu ZHO","Alfa Romeo Ferrari","1:13.677","1:13.521","",16,"ZHO","spain"
"14",21,"Nyck De Vries DEV","AlphaTauri Honda RBPT","1:13.581","1:14.083","",16,"DEV","spain"
"15",22,"Yuki Tsunoda TSU","AlphaTauri Honda RBPT","1:13.862","1:14.477","",19,"TSU","spain"
"16",77,"Valtteri Bottas BOT","Alfa Romeo Ferrari","1:13.977","","",10,"BOT","spain"
"17",20,"Kevin Magnussen MAG","Haas Ferrari","1:14.042","","",9,"MAG","spain"
"18",23,"Alexander Albon ALB","Williams Mercedes","1:14.063","","",8,"ALB","spain"
"19",16,"Charles Leclerc LEC","Ferrari","1:14.079","","",10,"LEC","spain"
"20",2,"Logan Sargeant SAR","Williams Mercedes","1:14.699","","",6,"SAR","spain"
"1",1,"Max Verstappen VER","Red Bull Racing Honda RBPT","1:20.851","1:19.092","1:25.858",26,"VER","canada"
"2",27,"Nico Hulkenberg HUL","Haas Ferrari","1:22.730","1:20.305","1:27.102",25,"HUL","canada"
"3",14,"Fernando Alonso ALO","Aston Martin Aramco Mercedes","1:21.481","1:19.776","1:27.286",25,"ALO","canada"
"4",44,"Lewis Hamilton HAM","Mercedes","1:21.554","1:20.426","1:27.627",26,"HAM","canada"
"5",63,"George Russell RUS","Mercedes","1:21.798","1:20.098","1:27.893",25,"RUS","canada"
"6",31,"Esteban Ocon OCO","Alpine Renault","1:22.114","1:20.406","1:27.945",25,"OCO","canada"
"7",4,"Lando Norris NOR","McLaren Mercedes","1:21.998","1:19.347","1:28.046",26,"NOR","canada"
"8",55,"Carlos Sainz SAI","Ferrari","1:22.248","1:19.856","1:29.294",26,"SAI","canada"
"9",81,"Oscar Piastri PIA","McLaren Mercedes","1:22.190","1:19.659","1:31.349",24,"PIA","canada"
"10",23,"Alexander Albon ALB","Williams Mercedes","1:21.938","1:18.725","DNF",24,"ALB","canada"
"11",16,"Charles Leclerc LEC","Ferrari","1:21.843","1:20.615","",22,"LEC","canada"
"12",11,"Sergio Perez PER","Red Bull Racing Honda RBPT","1:22.151","1:20.959","",23,"PER","canada"
"13",18,"Lance Stroll STR","Aston Martin Aramco Mercedes","1:22.677","1:21.484","",20,"STR","canada"
"14",20,"Kevin Magnussen MAG","Haas Ferrari","1:22.351","1:21.678","",21,"MAG","canada"
"15",77,"Valtteri Bottas BOT","Alfa Romeo Ferrari","1:22.332","1:21.821","",24,"BOT","canada"
"16",22,"Yuki Tsunoda TSU","AlphaTauri Honda RBPT","1:22.746","","",11,"TSU","canada"
"17",10,"Pierre Gasly GAS","Alpine Renault","1:22.886","","",11,"GAS","canada"
"18",21,"Nyck De Vries DEV","AlphaTauri Honda RBPT","1:23.137","","",12,"DEV","canada"
"19",2,"Logan Sargeant SAR","Williams Mercedes","1:23.337","","",14,"SAR","canada"
"20",24,"Zhou Guanyu ZHO","Alfa Romeo Ferrari","1:23.342","","",11,"ZHO","canada"
"1",1,"Max Verstappen VER","Red Bull Racing Honda RBPT","1:05.116","1:04.951","1:04.391",24,"VER","autria"
"2",16,"Charles Leclerc LEC","Ferrari","1:05.577","1:05.087","1:04.439",26,"LEC","autria"
"3",55,"Carlos Sainz SAI","Ferrari","1:05.339","1:04.975","1:04.581",25,"SAI","autria"
"4",4,"Lando Norris NOR","McLaren Mercedes","1:05.617","1:05.038","1:04.658",23,"NOR","autria"
"5",44,"Lewis Hamilton HAM","Mercedes","1:05.673","1:05.188","1:04.819",25,"HAM","autria"
"6",18,"Lance Stroll STR","Aston Martin Aramco Mercedes","1:05.710","1:05.121","1:04.893",25,"STR","autria"
"7",14,"Fernando Alonso ALO","Aston Martin Aramco Mercedes","1:05.655","1:05.181","1:04.911",27,"ALO","autria"
"8",27,"Nico Hulkenberg HUL","Haas Ferrari","1:05.740","1:05.362","1:05.090",24,"HUL","autria"
"9",10,"Pierre Gasly GAS","Alpine Renault","1:05.515","1:05.308","1:05.170",21,"GAS","autria"
"10",23,"Alexander Albon ALB","Williams Mercedes","1:05.673","1:05.387","1:05.823",21,"ALB","autria"
"11",63,"George Russell RUS","Mercedes","1:05.686","1:05.428","",21,"RUS","autria"
"12",31,"Esteban Ocon OCO","Alpine Renault","1:05.729","1:05.453","",15,"OCO","autria"
"13",81,"Oscar Piastri PIA","McLaren Mercedes","1:05.683","1:05.605","",19,"PIA","autria"
"14",77,"Valtteri Bottas BOT","Alfa Romeo Ferrari","1:05.763","1:05.680","",14,"BOT","autria"
"15",11,"Sergio Perez PER","Red Bull Racing Honda RBPT","1:05.177","2:06.688","",19,"PER","autria"
"16",22,"Yuki Tsunoda TSU","AlphaTauri Honda RBPT","1:05.784","","",10,"TSU","autria"
"17",24,"Zhou Guanyu ZHO","Alfa Romeo Ferrari","1:05.818","","",9,"ZHO","autria"
"18",2,"Logan Sargeant SAR","Williams Mercedes","1:05.948","","",9,"SAR","autria"
"19",20,"Kevin Magnussen MAG","Haas Ferrari","1:05.971","","",10,"MAG","autria"
"20",21,"Nyck De Vries DEV","AlphaTauri Honda RBPT","1:05.974","","",10,"DEV","autria"
"1",1,"Max Verstappen VER","Red Bull Racing Honda RBPT","1:29.428","1:27.702","1:26.720",26,"VER","great-britain"
"2",4,"Lando Norris NOR","McLaren Mercedes","1:28.917","1:28.042","1:26.961",26,"NOR","great-britain"
"3",81,"Oscar Piastri PIA","McLaren Mercedes","1:29.874","1:27.845","1:27.092",26,"PIA","great-britain"
"4",16,"Charles Leclerc LEC","Ferrari","1:29.143","1:28.361","1:27.136",25,"LEC","great-britain"
"5",55,"Carlos Sainz SAI","Ferrari","1:29.865","1:28.265","1:27.148",26,"SAI","great-britain"
"6",63,"George Russell RUS","Mercedes","1:29.412","1:28.782","1:27.155",24,"RUS","great-britain"
"7",44,"Lewis Hamilton HAM","Mercedes","1:29.415","1:28.545","1:27.211",25,"HAM","great-britain"
"8",23,"Alexander Albon ALB","Williams Mercedes","1:29.466","1:28.067","1:27.530",25,"ALB","great-britain"
"9",14,"Fernando Alonso ALO","Aston Martin Aramco Mercedes","1:29.949","1:28.368","1:27.659",24,"ALO","great-britain"
"10",10,"Pierre Gasly GAS","Alpine Renault","1:29.533","1:28.751","1:27.689",24,"GAS","great-britain"
"11",27,"Nico Hulkenberg HUL","Haas Ferrari","1:29.603","1:28.896","",17,"HUL","great-britain"
"12",18,"Lance Stroll STR","Aston Martin Aramco Mercedes","1:29.448","1:28.935","",19,"STR","great-britain"
"13",31,"Esteban Ocon OCO","Alpine Renault","1:29.700","1:28.956","",18,"OCO","great-britain"
"14",2,"Logan Sargeant SAR","Williams Mercedes","1:29.873","1:29.031","",19,"SAR","great-britain"
"NC",77,"Valtteri Bottas BOT","Alfa Romeo Ferrari","1:29.798","","",11,"BOT","great-britain"
"15",11,"Sergio Perez PER","Red Bull Racing Honda RBPT","1:29.968","","",11,"PER","great-britain"
"16",22,"Yuki Tsunoda TSU","AlphaTauri Honda RBPT","1:30.025","","",11,"TSU","great-britain"
"17",24,"Zhou Guanyu ZHO","Alfa Romeo Ferrari","1:30.123","","",11,"ZHO","great-britain"
"18",21,"Nyck De Vries DEV","AlphaTauri Honda RBPT","1:30.513","","",11,"DEV","great-britain"
"19",20,"Kevin Magnussen MAG","Haas Ferrari","1:32.378","","",7,"MAG","great-britain"
"1",44,"Lewis Hamilton HAM","Mercedes","1:18.577","1:17.427","1:16.609",20,"HAM","hungary"
"2",1,"Max Verstappen VER","Red Bull Racing Honda RBPT","1:18.318","1:17.547","1:16.612",21,"VER","hungary"
"3",4,"Lando Norris NOR","McLaren Mercedes","1:18.697","1:17.328","1:16.694",20,"NOR","hungary"
"4",81,"Oscar Piastri PIA","McLaren Mercedes","1:18.464","1:17.571","1:16.905",20,"PIA","hungary"
"5",24,"Zhou Guanyu ZHO","Alfa Romeo Ferrari","1:18.143","1:17.700","1:16.971",22,"ZHO","hungary"
"6",16,"Charles Leclerc LEC","Ferrari","1:18.440","1:17.580","1:16.992",21,"LEC","hungary"
"7",77,"Valtteri Bottas BOT","Alfa Romeo Ferrari","1:18.775","1:17.563","1:17.034",20,"BOT","hungary"
"8",14,"Fernando Alonso ALO","Aston Martin Aramco Mercedes","1:18.580","1:17.701","1:17.035",21,"ALO","hungary"
"9",11,"Sergio Perez PER","Red Bull Racing Honda RBPT","1:18.360","1:17.675","1:17.045",23,"PER","hungary"
"10",27,"Nico Hulkenberg HUL","Haas Ferrari","1:18.695","1:17.652","1:17.186",20,"HUL","hungary"
"11",55,"Carlos Sainz SAI","Ferrari","1:18.393","1:17.703","",15,"SAI","hungary"
"12",31,"Esteban Ocon OCO","Alpine Renault","1:18.854","1:17.841","",16,"OCO","hungary"
"13",3,"Daniel Ricciardo RIC","AlphaTauri Honda RBPT","1:18.906","1:18.002","",15,"RIC","hungary"
"14",18,"Lance Stroll STR","Aston Martin Aramco Mercedes","1:18.782","1:18.144","",18,"STR","hungary"
"15",10,"Pierre Gasly GAS","Alpine Renault","1:18.743","1:18.217","",16,"GAS","hungary"
"16",23,"Alexander Albon ALB","Williams Mercedes","1:18.917","","",8,"ALB","hungary"
"17",22,"Yuki Tsunoda TSU","AlphaTauri Honda RBPT","1:18.919","","",9,"TSU","hungary"
"18",63,"George Russell RUS","Mercedes","1:19.027","","",9,"RUS","hungary"
"19",20,"Kevin Magnussen MAG","Haas Ferrari","1:19.206","","",8,"MAG","hungary"
"20",2,"Logan Sargeant SAR","Williams Mercedes","1:19.248","","",8,"SAR","hungary"
"1",1,"Max Verstappen VER","Red Bull Racing Honda RBPT","1:58.515","1:52.784","1:46.168",22,"VER","belgium"
"2",16,"Charles Leclerc LEC","Ferrari","1:58.300","1:52.017","1:46.988",23,"LEC","belgium"
"3",11,"Sergio Perez PER","Red Bull Racing Honda RBPT","1:58.899","1:52.353","1:47.045",22,"PER","belgium"
"4",44,"Lewis Hamilton HAM","Mercedes","1:58.563","1:52.345","1:47.087",24,"HAM","belgium"
"5",55,"Carlos Sainz SAI","Ferrari","1:58.688","1:51.711","1:47.152",23,"SAI","belgium"
"6",81,"Oscar Piastri PIA","McLaren Mercedes","1:58.872","1:51.534","1:47.365",23,"PIA","belgium"
"7",4,"Lando Norris NOR","McLaren Mercedes","1:59.981","1:52.252","1:47.669",21,"NOR","belgium"
"8",63,"George Russell RUS","Mercedes","1:59.035","1:52.605","1:47.805",24,"RUS","belgium"
"9",14,"Fernando Alonso ALO","Aston Martin Aramco Mercedes","1:58.834","1:52.751","1:47.843",22,"ALO","belgium"
"10",18,"Lance Stroll STR","Aston Martin Aramco Mercedes","1:59.663","1:52.193","1:48.841",22,"STR","belgium"
"11",22,"Yuki Tsunoda TSU","AlphaTauri Honda RBPT","1:59.044","1:53.148","",15,"TSU","belgium"
"12",10,"Pierre Gasly GAS","Alpine Renault","1:59.511","1:53.671","",17,"GAS","belgium"
"13",20,"Kevin Magnussen MAG","Haas Ferrari","2:00.020","1:54.160","",17,"MAG","belgium"
"14",77,"Valtteri Bottas BOT","Alfa Romeo Ferrari","1:59.484","1:54.694","",17,"BOT","belgium"
"15",31,"Esteban Ocon OCO","Alpine Renault","1:59.634","1:56.372","",13,"OCO","belgium"
"16",23,"Alexander Albon ALB","Williams Mercedes","2:00.314","","",8,"ALB","belgium"
"17",24,"Zhou Guanyu ZHO","Alfa Romeo Ferrari","2:00.832","","",9,"ZHO","belgium"
"18",2,"Logan Sargeant SAR","Williams Mercedes","2:01.535","","",6,"SAR","belgium"
"19",3,"Daniel Ricciardo RIC","AlphaTauri Honda RBPT","2:02.159","","",8,"RIC","belgium"
"20",27,"Nico Hulkenberg HUL","Haas Ferrari","2:03.166","","",5,"HUL","belgium"
"1",1,"Max Verstappen VER","Red Bull Racing Honda RBPT","1:20.965","1:18.856","1:10.567",31,"VER","netherlands"
"2",4,"Lando Norris NOR","McLaren Mercedes","1:21.276","1:19.769","1:11.104",30,"NOR","netherlands"
"3",63,"George Russell RUS","Mercedes","1:21.345","1:19.620","1:11.294",32,"RUS","netherlands"
"4",23,"Alexander Albon ALB","Williams Mercedes","1:20.939","1:19.399","1:11.419",32,"ALB","netherlands"
"5",14,"Fernando Alonso ALO","Aston Martin Aramco Mercedes","1:21.840","1:19.429","1:11.506",30,"ALO","netherlands"
"6",55,"Carlos Sainz SAI","Ferrari","1:21.321","1:19.929","1:11.754",32,"SAI","netherlands"
"7",11,"Sergio Perez PER","Red Bull Racing Honda RBPT","1:21.972","1:19.856","1:11.880",33,"PER","netherlands"
"8",81,"Oscar Piastri PIA","McLaren Mercedes","1:21.231","1:19.392","1:11.938",31,"PIA","netherlands"
"9",16,"Charles Leclerc LEC","Ferrari","1:22.019","1:19.600","1:12.665",27,"LEC","netherlands"
"10",2,"Logan Sargeant SAR","Williams Mercedes","1:22.036","1:20.067","1:16.748",27,"SAR","netherlands"
"11",18,"Lance Stroll STR","Aston Martin Aramco Mercedes","1:21.570","1:20.121","",22,"STR","netherlands"
"12",10,"Pierre Gasly GAS","Alpine Renault","1:21.735","1:20.128","",21,"GAS","netherlands"
"13",44,"Lewis Hamilton HAM","Mercedes","1:21.919","1:20.151","",23,"HAM","netherlands"
"14",22,"Yuki Tsunoda TSU","AlphaTauri Honda RBPT","1:21.781","1:20.230","",22,"TSU","netherlands"
"15",27,"Nico Hulkenberg HUL","Haas Ferrari","1:21.891","1:20.250","",20,"HUL","netherlands"
"16",24,"Zhou Guanyu ZHO","Alfa Romeo Ferrari","1:22.067","","",12,"ZHO","netherlands"
"17",31,"Esteban Ocon OCO","Alpine Renault","1:22.110","","",12,"OCO","netherlands"
"18",20,"Kevin Magnussen MAG","Haas Ferrari","1:22.192","","",11,"MAG","netherlands"
"19",77,"Valtteri Bottas BOT","Alfa Romeo Ferrari","1:22.260","","",12,"BOT","netherlands"
"20",40,"Liam Lawson LAW","AlphaTauri Honda RBPT","1:23.420","","",12,"LAW","netherlands"
"1",55,"Carlos Sainz SAI","Ferrari","1:21.965","1:20.991","1:20.294",20,"SAI","italy"
"2",1,"Max Verstappen VER","Red Bull Racing Honda RBPT","1:21.573","1:20.937","1:20.307",21,"VER","italy"
"3",16,"Charles Leclerc LEC","Ferrari","1:21.788","1:20.977","1:20.361",21,"LEC","italy"
"4",63,"George Russell RUS","Mercedes","1:22.148","1:21.382","1:20.671",21,"RUS","italy"
"5",11,"Sergio Perez PER","Red Bull Racing Honda RBPT","1:21.911","1:21.240","1:20.688",21,"PER","italy"
"6",23,"Alexander Albon ALB","Williams Mercedes","1:21.661","1:21.272","1:20.760",21,"ALB","italy"
"7",81,"Oscar Piastri PIA","McLaren Mercedes","1:22.106","1:21.527","1:20.785",24,"PIA","italy"
"8",44,"Lewis Hamilton HAM","Mercedes","1:21.977","1:21.369","1:20.820",21,"HAM","italy"
"9",4,"Lando Norris NOR","McLaren Mercedes","1:21.995","1:21.581","1:20.979",23,"NOR","italy"
"10",14,"Fernando Alonso ALO","Aston Martin Aramco Mercedes","1:22.043","1:21.543","1:21.417",19,"ALO","italy"
"11",22,"Yuki Tsunoda TSU","AlphaTauri Honda RBPT","1:21.852","1:21.594","",15,"TSU","italy"
"12",40,"Liam Lawson LAW","AlphaTauri Honda RBPT","1:22.112","1:21.758","",15,"LAW","italy"
"13",27,"Nico Hulkenberg HUL","Haas Ferrari","1:22.343","1:21.776","",16,"HUL","italy"
"14",77,"Valtteri Bottas BOT","Alfa Romeo Ferrari","1:22.249","1:21.940","",14,"BOT","italy"
"15",2,"Logan Sargeant SAR","Williams Mercedes","1:21.930","1:21.944","",15,"SAR","italy"
"16",24,"Zhou Guanyu ZHO","Alfa Romeo Ferrari","1:22.390","","",8,"ZHO","italy"
"17",10,"Pierre Gasly GAS","Alpine Renault","1:22.545","","",7,"GAS","italy"
"18",31,"Esteban Ocon OCO","Alpine Renault","1:22.548","","",8,"OCO","italy"
"19",20,"Kevin Magnussen MAG","Haas Ferrari","1:22.592","","",8,"MAG","italy"
"20",18,"Lance Stroll STR","Aston Martin Aramco Mercedes","1:22.860","","",9,"STR","italy"
"1",55,"Carlos Sainz SAI","Ferrari","1:32.339","1:31.439","1:30.984",20,"SAI","singapore"
"2",63,"George Russell RUS","Mercedes","1:32.331","1:31.743","1:31.056",17,"RUS","singapore"
"3",16,"Charles Leclerc LEC","Ferrari","1:32.406","1:32.012","1:31.063",21,"LEC","singapore"
"4",4,"Lando Norris NOR","McLaren Mercedes","1:32.483","1:31.951","1:31.270",20,"NOR","singapore"
"5",44,"Lewis Hamilton HAM","Mercedes","1:32.651","1:32.019","1:31.485",16,"HAM","singapore"
"6",20,"Kevin Magnussen MAG","Haas Ferrari","1:32.242","1:31.892","1:31.575",21,"MAG","singapore"
"7",14,"Fernando Alonso ALO","Aston Martin Aramco Mercedes","1:32.584","1:31.835","1:31.615",17,"ALO","singapore"
"8",31,"Esteban Ocon OCO","Alpine Renault","1:32.369","1:32.089","1:31.673",18,"OCO","singapore"
"9",27,"Nico Hulkenberg HUL","Haas Ferrari","1:32.100","1:31.994","1:31.808",21,"HUL","singapore"
"10",40,"Liam Lawson LAW","AlphaTauri Honda RBPT","1:32.215","1:32.166","1:32.268",21,"LAW","singapore"
"11",1,"Max Verstappen VER","Red Bull Racing Honda RBPT","1:32.398","1:32.173","",14,"VER","singapore"
"12",10,"Pierre Gasly GAS","Alpine Renault","1:32.452","1:32.274","",12,"GAS","singapore"
"13",11,"Sergio Perez PER","Red Bull Racing Honda RBPT","1:32.099","1:32.310","",13,"PER","singapore"
"14",23,"Alexander Albon ALB","Williams Mercedes","1:32.668","1:33.719","",12,"ALB","singapore"
"15",22,"Yuki Tsunoda TSU","AlphaTauri Honda RBPT","1:31.991","DNF","",10,"TSU","singapore"
"16",77,"Valtteri Bottas BOT","Alfa Romeo Ferrari","1:32.809","","",9,"BOT","singapore"
"17",81,"Oscar Piastri PIA","McLaren Mercedes","1:32.902","","",9,"PIA","singapore"
"18",2,"Logan Sargeant SAR","Williams Mercedes","1:33.252","","",9,"SAR","singapore"
"19",24,"Zhou Guanyu ZHO","Alfa Romeo Ferrari","1:33.258","","",9,"ZHO","singapore"
"20",18,"Lance Stroll STR","Aston Martin Aramco Mercedes","1:33.397","","",8,"STR","singapore"
"1",1,"Max Verstappen VER","Red Bull Racing Honda RBPT","1:29.878","1:29.964","1:28.877",12,"VER","japan"
"2",81,"Oscar Piastri PIA","McLaren Mercedes","1:30.439","1:30.122","1:29.458",14,"PIA","japan"
"3",4,"Lando Norris NOR","McLaren Mercedes","1:30.063","1:30.296","1:29.493",12,"NOR","japan"
"4",16,"Charles Leclerc LEC","Ferrari","1:30.393","1:29.940","1:29.542",14,"LEC","japan"
"5",11,"Sergio Perez PER","Red Bull Racing Honda RBPT","1:30.652","1:29.965","1:29.650",18,"PER","japan"
"6",55,"Carlos Sainz SAI","Ferrari","1:30.651","1:30.067","1:29.850",14,"SAI","japan"
"7",44,"Lewis Hamilton HAM","Mercedes","1:30.811","1:30.040","1:29.908",18,"HAM","japan"
"8",63,"George Russell RUS","Mercedes","1:30.811","1:30.268","1:30.219",15,"RUS","japan"
"9",22,"Yuki Tsunoda TSU","AlphaTauri Honda RBPT","1:30.733","1:30.204","1:30.303",18,"TSU","japan"
"10",14,"Fernando Alonso ALO","Aston Martin Aramco Mercedes","1:30.971","1:30.465","1:30.560",15,"ALO","japan"
"11",40,"Liam Lawson LAW","AlphaTauri Honda RBPT","1:30.425","1:30.508","",16,"LAW","japan"
"12",10,"Pierre Gasly GAS","Alpine Renault","1:30.843","1:30.509","",12,"GAS","japan"
"13",23,"Alexander Albon ALB","Williams Mercedes","1:30.941","1:30.537","",12,"ALB","japan"
"14",31,"Esteban Ocon OCO","Alpine Renault","1:30.960","1:30.586","",12,"OCO","japan"
"15",20,"Kevin Magnussen MAG","Haas Ferrari","1:30.976","1:30.665","",9,"MAG","japan"
"16",77,"Valtteri Bottas BOT","Alfa Romeo Ferrari","1:31.049","","",5,"BOT","japan"
"17",18,"Lance Stroll STR","Aston Martin Aramco Mercedes","1:31.181","","",7,"STR","japan"
"18",27,"Nico Hulkenberg HUL","Haas Ferrari","1:31.299","","",6,"HUL","japan"
"19",24,"Zhou Guanyu ZHO","Alfa Romeo Ferrari","1:31.398","","",6,"ZHO","japan"
"NC",2,"Logan Sargeant SAR","Williams Mercedes","DNF","","",2,"SAR","japan"
"1",1,"Max Verstappen VER","Red Bull Racing Honda RBPT","1:25.007","1:24.483","1:23.778",19,"VER","qatar"
"2",63,"George Russell RUS","Mercedes","1:25.334","1:24.827","1:24.219",21,"RUS","qatar"
"3",44,"Lewis Hamilton HAM","Mercedes","1:26.076","1:24.381","1:24.305",20,"HAM","qatar"
"4",14,"Fernando Alonso ALO","Aston Martin Aramco Mercedes","1:25.223","1:25.241","1:24.369",21,"ALO","qatar"
"5",16,"Charles Leclerc LEC","Ferrari","1:25.452","1:25.079","1:24.424",26,"LEC","qatar"
"6",81,"Oscar Piastri PIA","McLaren Mercedes","1:25.266","1:24.724","1:24.540",23,"PIA","qatar"
"7",10,"Pierre Gasly GAS","Alpine Renault","1:25.566","1:24.918","1:24.553",23,"GAS","qatar"
"8",31,"Esteban Ocon OCO","Alpine Renault","1:25.711","1:24.928","1:24.763",24,"OCO","qatar"
"9",77,"Valtteri Bottas BOT","Alfa Romeo Ferrari","1:26.038","1:25.297","1:25.058",21,"BOT","qatar"
"10",4,"Lando Norris NOR","McLaren Mercedes","1:25.131","1:24.685","DNF",21,"NOR","qatar"
"11",22,"Yuki Tsunoda TSU","AlphaTauri Honda RBPT","1:26.058","1:25.301","",16,"TSU","qatar"
"12",55,"Carlos Sainz SAI","Ferrari","1:25.808","1:25.328","",18,"SAI","qatar"
"13",11,"Sergio Perez PER","Red Bull Racing Honda RBPT","1:25.991","1:25.462","",16,"PER","qatar"
"14",23,"Alexander Albon ALB","Williams Mercedes","1:26.118","1:25.707","",15,"ALB","qatar"
"15",27,"Nico Hulkenberg HUL","Haas Ferrari","1:25.904","1:25.783","",12,"HUL","qatar"
"16",2,"Logan Sargeant SAR","Williams Mercedes","1:26.210","","",10,"SAR","qatar"
"17",18,"Lance Stroll STR","Aston Martin Aramco Mercedes","1:26.345","","",10,"STR","qatar"
"18",40,"Liam Lawson LAW","AlphaTauri Honda RBPT","1:26.635","","",10,"LAW","qatar"
"19",20,"Kevin Magnussen MAG","Haas Ferrari","1:27.046","","",9,"MAG","qatar"
"20",24,"Zhou Guanyu ZHO","Alfa Romeo Ferrari","1:27.432","","",9,"ZHO","qatar"
"1",16,"Charles Leclerc LEC","Ferrari","1:36.061","1:35.004","1:34.723",21,"LEC","united-states"
"2",4,"Lando Norris NOR","McLaren Mercedes","1:35.110","1:35.441","1:34.853",20,"NOR","united-states"
"3",44,"Lewis Hamilton HAM","Mercedes","1:35.091","1:35.240","1:34.862",18,"HAM","united-states"
"4",55,"Carlos Sainz SAI","Ferrari","1:35.824","1:35.302","1:34.945",18,"SAI","united-states"
"5",63,"George Russell RUS","Mercedes","1:36.165","1:35.606","1:35.079",18,"RUS","united-states"
"6",1,"Max Verstappen VER","Red Bull Racing Honda RBPT","1:35.346","1:35.008","1:35.081",18,"VER","united-states"
"7",10,"Pierre Gasly GAS","Alpine Renault","1:36.158","1:35.496","1:35.089",19,"GAS","united-states"
"8",31,"Esteban Ocon OCO","Alpine Renault","1:36.131","1:35.413","1:35.154",21,"OCO","united-states"
"9",11,"Sergio Perez PER","Red Bull Racing Honda RBPT","1:35.989","1:35.679","1:35.173",17,"PER","united-states"
"10",81,"Oscar Piastri PIA","McLaren Mercedes","1:36.064","1:35.576","1:35.467",20,"PIA","united-states"
"11",22,"Yuki Tsunoda TSU","AlphaTauri Honda RBPT","1:35.913","1:35.697","",12,"TSU","united-states"
"12",24,"Zhou Guanyu ZHO","Alfa Romeo Ferrari","1:36.052","1:35.698","",15,"ZHO","united-states"
"13",77,"Valtteri Bottas BOT","Alfa Romeo Ferrari","1:36.082","1:35.858","",15,"BOT","united-states"
"14",20,"Kevin Magnussen MAG","Haas Ferrari","1:36.009","1:35.880","",12,"MAG","united-states"
"15",3,"Daniel Ricciardo RIC","AlphaTauri Honda RBPT","1:36.213","1:35.974","",12,"RIC","united-states"
"16",27,"Nico Hulkenberg HUL","Haas Ferrari","1:36.235","","",6,"HUL","united-states"
"17",14,"Fernando Alonso ALO","Aston Martin Aramco Mercedes","1:36.268","","",8,"ALO","united-states"
"18",23,"Alexander Albon ALB","Williams Mercedes","1:36.315","","",6,"ALB","united-states"
"19",18,"Lance Stroll STR","Aston Martin Aramco Mercedes","1:36.589","","",9,"STR","united-states"
"20",2,"Logan Sargeant SAR","Williams Mercedes","1:36.827","","",8,"SAR","united-states"
"1",16,"Charles Leclerc LEC","Ferrari","1:18.401","1:17.901","1:17.166",17,"LEC","mexico"
"2",55,"Carlos Sainz SAI","Ferrari","1:18.755","1:18.382","1:17.233",17,"SAI","mexico"
"3",1,"Max Verstappen VER","Red Bull Racing Honda RBPT","1:18.099","1:17.625","1:17.263",15,"VER","mexico"
"4",3,"Daniel Ricciardo RIC","AlphaTauri Honda RBPT","1:18.341","1:17.706","1:17.382",15,"RIC","mexico"
"5",11,"Sergio Perez PER","Red Bull Racing Honda RBPT","1:18.553","1:18.124","1:17.423",16,"PER","mexico"
"6",44,"Lewis Hamilton HAM","Mercedes","1:18.677","1:17.571","1:17.454",18,"HAM","mexico"
"7",81,"Oscar Piastri PIA","McLaren Mercedes","1:18.241","1:17.874","1:17.623",18,"PIA","mexico"
"8",63,"George Russell RUS","Mercedes","1:18.893","1:17.673","1:17.674",19,"RUS","mexico"
"9",77,"Valtteri Bottas BOT","Alfa Romeo Ferrari","1:18.429","1:18.016","1:18.032",17,"BOT","mexico"
"10",24,"Zhou Guanyu ZHO","Alfa Romeo Ferrari","1:19.016","1:18.440","1:18.050",15,"ZHO","mexico"
"11",10,"Pierre Gasly GAS","Alpine Renault","1:18.945","1:18.521","",15,"GAS","mexico"
"12",27,"Nico Hulkenberg HUL","Haas Ferrari","1:18.969","1:18.524","",12,"HUL","mexico"
"13",14,"Fernando Alonso ALO","Aston Martin Aramco Mercedes","1:18.848","1:18.738","",14,"ALO","mexico"
"14",23,"Alexander Albon ALB","Williams Mercedes","1:18.828","1:19.147","",12,"ALB","mexico"
"15",22,"Yuki Tsunoda TSU","AlphaTauri Honda RBPT","1:18.890","DNF","",11,"TSU","mexico"
"16",31,"Esteban Ocon OCO","Alpine Renault","1:19.080","","",6,"OCO","mexico"
"17",20,"Kevin Magnussen MAG","Haas Ferrari","1:19.163","","",9,"MAG","mexico"
"18",18,"Lance Stroll STR","Aston Martin Aramco Mercedes","1:19.227","","",9,"STR","mexico"
"19",4,"Lando Norris NOR","McLaren Mercedes","1:21.554","","",6,"NOR","mexico"
"NC",2,"Logan Sargeant SAR","Williams Mercedes","DNF","","",6,"SAR","mexico"
"1",1,"Max Verstappen VER","Red Bull Racing Honda RBPT","1:10.436","1:10.162","1:10.727",18,"VER","brazil"
"2",16,"Charles Leclerc LEC","Ferrari","1:10.472","1:10.303","1:11.021",18,"LEC","brazil"
"3",18,"Lance Stroll STR","Aston Martin Aramco Mercedes","1:10.551","1:10.375","1:11.344",16,"STR","brazil"
"4",14,"Fernando Alonso ALO","Aston Martin Aramco Mercedes","1:10.557","1:10.237","1:11.387",18,"ALO","brazil"
"5",44,"Lewis Hamilton HAM","Mercedes","1:10.604","1:10.266","1:11.469",21,"HAM","brazil"
"6",63,"George Russell RUS","Mercedes","1:10.340","1:10.316","1:11.590",21,"RUS","brazil"
"7",4,"Lando Norris NOR","McLaren Mercedes","1:10.623","1:10.021","1:11.987",13,"NOR","brazil"
"8",55,"Carlos Sainz SAI","Ferrari","1:10.624","1:10.254","1:11.989",20,"SAI","brazil"
"9",11,"Sergio Perez PER","Red Bull Racing Honda RBPT","1:10.668","1:10.219","1:12.321",17,"PER","brazil"
"10",81,"Oscar Piastri PIA","McLaren Mercedes","1:10.519","1:10.330","DNF",15,"PIA","brazil"
"11",27,"Nico Hulkenberg HUL","Haas Ferrari","1:10.475","1:10.547","",15,"HUL","brazil"
"12",31,"Esteban Ocon OCO","Alpine Renault","1:10.763","1:10.562","",15,"OCO","brazil"
"13",10,"Pierre Gasly GAS","Alpine Renault","1:10.793","1:10.567","",14,"GAS","brazil"
"14",20,"Kevin Magnussen MAG","Haas Ferrari","1:10.602","1:10.723","",15,"MAG","brazil"
"15",23,"Alexander Albon ALB","Williams Mercedes","1:10.621","1:10.840","",15,"ALB","brazil"
"16",22,"Yuki Tsunoda TSU","AlphaTauri Honda RBPT","1:10.837","","",9,"TSU","brazil"
"17",3,"Daniel Ricciardo RIC","AlphaTauri Honda RBPT","1:10.843","","",6,"RIC","brazil"
"18",77,"Valtteri Bottas BOT","Alfa Romeo Ferrari","1:10.955","","",9,"BOT","brazil"
"19",2,"Logan Sargeant SAR","Williams Mercedes","1:11.035","","",9,"SAR","brazil"
"20",24,"Zhou Guanyu ZHO","Alfa Romeo Ferrari","1:11.275","","",9,"ZHO","brazil"
